START,END,UTC,READABLE_START,READABLE_END,PHONE_STEP,WEARABLE_STEP,AVERAGE_STEP,DURATION,TYPE
1626455340000,1626455520000,9,2021-07-17 02:09:00,2021-07-17 02:12:00,40.0,0.0,40.0,3,PHONE
1626457320000,1626457380000,9,2021-07-17 02:42:00,2021-07-17 02:43:00,7.0,0.0,7.0,1,PHONE
1626488400000,1626488520000,9,2021-07-17 11:20:00,2021-07-17 11:22:00,44.0,0.0,44.0,2,PHONE
1626489000000,1626489060000,9,2021-07-17 11:30:00,2021-07-17 11:31:00,14.0,0.0,14.0,1,PHONE
1626491280000,1626491340000,9,2021-07-17 12:08:00,2021-07-17 12:09:00,11.0,0.0,11.0,1,PHONE
1626491520000,1626491580000,9,2021-07-17 12:12:00,2021-07-17 12:13:00,15.0,0.0,15.0,1,PHONE
1626491940000,1626492000000,9,2021-07-17 12:19:00,2021-07-17 12:20:00,25.0,0.0,25.0,1,PHONE
1626499200000,1626499260000,9,2021-07-17 14:20:00,2021-07-17 14:21:00,29.0,0.0,29.0,1,PHONE
1626499380000,1626499440000,9,2021-07-17 14:23:00,2021-07-17 14:24:00,28.0,0.0,28.0,1,PHONE
1626499980000,1626500220000,9,2021-07-17 14:33:00,2021-07-17 14:37:00,145.0,0.0,145.0,4,PHONE
1626500520000,1626500700000,9,2021-07-17 14:42:00,2021-07-17 14:45:00,124.0,0.0,124.0,3,PHONE
1626500760000,1626500820000,9,2021-07-17 14:46:00,2021-07-17 14:47:00,16.0,0.0,16.0,1,PHONE
1626504900000,1626505560000,9,2021-07-17 15:55:00,2021-07-17 16:06:00,693.0,0.0,693.0,11,PHONE
1626510720000,1626510960000,9,2021-07-17 17:32:00,2021-07-17 17:36:00,120.0,0.0,120.0,4,PHONE
1626517920000,1626518880000,9,2021-07-17 19:32:00,2021-07-17 19:48:00,863.0,0.0,863.0,16,PHONE
1626519060000,1626519240000,9,2021-07-17 19:51:00,2021-07-17 19:54:00,202.0,0.0,202.0,3,PHONE
1626519540000,1626519660000,9,2021-07-17 19:59:00,2021-07-17 20:01:00,78.0,0.0,78.0,2,PHONE
1626519900000,1626520140000,9,2021-07-17 20:05:00,2021-07-17 20:09:00,90.0,0.0,90.0,4,PHONE
1626522780000,1626522840000,9,2021-07-17 20:53:00,2021-07-17 20:54:00,8.0,0.0,8.0,1,PHONE
1626523200000,1626523380000,9,2021-07-17 21:00:00,2021-07-17 21:03:00,36.0,0.0,36.0,3,PHONE
1626523800000,1626523860000,9,2021-07-17 21:10:00,2021-07-17 21:11:00,14.0,0.0,14.0,1,PHONE
1626542940000,1626543060000,9,2021-07-18 02:29:00,2021-07-18 02:31:00,42.0,0.0,42.0,2,PHONE
1626576180000,1626576240000,9,2021-07-18 11:43:00,2021-07-18 11:44:00,26.0,0.0,26.0,1,PHONE
1626576900000,1626576960000,9,2021-07-18 11:55:00,2021-07-18 11:56:00,7.0,0.0,7.0,1,PHONE
1626577020000,1626577140000,9,2021-07-18 11:57:00,2021-07-18 11:59:00,23.0,0.0,23.0,2,PHONE
1626577500000,1626577560000,9,2021-07-18 12:05:00,2021-07-18 12:06:00,9.0,0.0,9.0,1,PHONE
1626577860000,1626577920000,9,2021-07-18 12:11:00,2021-07-18 12:12:00,23.0,0.0,23.0,1,PHONE
1626580200000,1626580320000,9,2021-07-18 12:50:00,2021-07-18 12:52:00,34.0,0.0,34.0,2,PHONE
1626580980000,1626581100000,9,2021-07-18 13:03:00,2021-07-18 13:05:00,10.0,0.0,10.0,2,PHONE
1626581280000,1626581340000,9,2021-07-18 13:08:00,2021-07-18 13:09:00,11.0,0.0,11.0,1,PHONE
1626581880000,1626581940000,9,2021-07-18 13:18:00,2021-07-18 13:19:00,16.0,0.0,16.0,1,PHONE
1626582240000,1626582360000,9,2021-07-18 13:24:00,2021-07-18 13:26:00,7.0,0.0,7.0,2,PHONE
1626587280000,1626587580000,9,2021-07-18 14:48:00,2021-07-18 14:53:00,103.0,0.0,103.0,5,PHONE
1626588600000,1626588720000,9,2021-07-18 15:10:00,2021-07-18 15:12:00,33.0,0.0,33.0,2,PHONE
1626591780000,1626591960000,9,2021-07-18 16:03:00,2021-07-18 16:06:00,198.0,0.0,198.0,3,PHONE
1626592020000,1626592200000,9,2021-07-18 16:07:00,2021-07-18 16:10:00,75.0,0.0,75.0,3,PHONE
1626592800000,1626592860000,9,2021-07-18 16:20:00,2021-07-18 16:21:00,18.0,0.0,18.0,1,PHONE
1626595140000,1626595320000,9,2021-07-18 16:59:00,2021-07-18 17:02:00,76.0,0.0,76.0,3,PHONE
1626597360000,1626597480000,9,2021-07-18 17:36:00,2021-07-18 17:38:00,97.0,0.0,97.0,2,PHONE
1626598140000,1626598320000,9,2021-07-18 17:49:00,2021-07-18 17:52:00,130.0,0.0,130.0,3,PHONE
1626598800000,1626598860000,9,2021-07-18 18:00:00,2021-07-18 18:01:00,7.0,0.0,7.0,1,PHONE
1626603960000,1626604020000,9,2021-07-18 19:26:00,2021-07-18 19:27:00,16.0,0.0,16.0,1,PHONE
1626612360000,1626612480000,9,2021-07-18 21:46:00,2021-07-18 21:48:00,31.0,0.0,31.0,2,PHONE
1626612660000,1626612780000,9,2021-07-18 21:51:00,2021-07-18 21:53:00,41.0,0.0,41.0,2,PHONE
1626630780000,1626630840000,9,2021-07-19 02:53:00,2021-07-19 02:54:00,24.0,0.0,24.0,1,PHONE
1626630900000,1626630960000,9,2021-07-19 02:55:00,2021-07-19 02:56:00,18.0,0.0,18.0,1,PHONE
1626662460000,1626662580000,9,2021-07-19 11:41:00,2021-07-19 11:43:00,38.0,0.0,38.0,2,PHONE
1626663600000,1626663660000,9,2021-07-19 12:00:00,2021-07-19 12:01:00,6.0,0.0,6.0,1,PHONE
1626663780000,1626663840000,9,2021-07-19 12:03:00,2021-07-19 12:04:00,13.0,0.0,13.0,1,PHONE
1626665100000,1626665160000,9,2021-07-19 12:25:00,2021-07-19 12:26:00,15.0,0.0,15.0,1,PHONE
1626666900000,1626667080000,9,2021-07-19 12:55:00,2021-07-19 12:58:00,53.0,0.0,53.0,3,PHONE
1626675660000,1626675720000,9,2021-07-19 15:21:00,2021-07-19 15:22:00,16.0,0.0,16.0,1,PHONE
1626679980000,1626680520000,9,2021-07-19 16:33:00,2021-07-19 16:42:00,709.0,0.0,709.0,9,PHONE
1626680640000,1626680700000,9,2021-07-19 16:44:00,2021-07-19 16:45:00,31.0,0.0,31.0,1,PHONE
1626682380000,1626682440000,9,2021-07-19 17:13:00,2021-07-19 17:14:00,45.0,0.0,45.0,1,PHONE
1626683160000,1626683220000,9,2021-07-19 17:26:00,2021-07-19 17:27:00,38.0,0.0,38.0,1,PHONE
1626683520000,1626683640000,9,2021-07-19 17:32:00,2021-07-19 17:34:00,60.0,0.0,60.0,2,PHONE
1626684000000,1626684060000,9,2021-07-19 17:40:00,2021-07-19 17:41:00,29.0,0.0,29.0,1,PHONE
1626684180000,1626684900000,9,2021-07-19 17:43:00,2021-07-19 17:55:00,846.0,0.0,846.0,12,PHONE
1626689700000,1626690420000,9,2021-07-19 19:15:00,2021-07-19 19:27:00,803.0,0.0,803.0,12,PHONE
1626691620000,1626692700000,9,2021-07-19 19:47:00,2021-07-19 20:05:00,1334.0,0.0,1334.0,18,PHONE
1626692880000,1626693300000,9,2021-07-19 20:08:00,2021-07-19 20:15:00,596.0,0.0,596.0,7,PHONE
1626693360000,1626693600000,9,2021-07-19 20:16:00,2021-07-19 20:20:00,353.0,0.0,353.0,4,PHONE
1626693660000,1626695520000,9,2021-07-19 20:21:00,2021-07-19 20:52:00,3041.0,0.0,3041.0,31,PHONE
1626695580000,1626702180000,9,2021-07-19 20:53:00,2021-07-19 22:43:00,11048.0,0.0,11048.0,110,PHONE
1626703320000,1626703380000,9,2021-07-19 23:02:00,2021-07-19 23:03:00,12.0,0.0,12.0,1,PHONE
1626704220000,1626704400000,9,2021-07-19 23:17:00,2021-07-19 23:20:00,265.0,0.0,265.0,3,PHONE
1626704460000,1626704880000,9,2021-07-19 23:21:00,2021-07-19 23:28:00,554.0,0.0,554.0,7,PHONE
1626704940000,1626705000000,9,2021-07-19 23:29:00,2021-07-19 23:30:00,9.0,0.0,9.0,1,PHONE
1626720180000,1626720300000,9,2021-07-20 03:43:00,2021-07-20 03:45:00,32.0,0.0,32.0,2,PHONE
1626742260000,1626742320000,9,2021-07-20 09:51:00,2021-07-20 09:52:00,12.0,0.0,12.0,1,PHONE
1626742380000,1626742500000,9,2021-07-20 09:53:00,2021-07-20 09:55:00,30.0,0.0,30.0,2,PHONE
1626743160000,1626743280000,9,2021-07-20 10:06:00,2021-07-20 10:08:00,76.0,0.0,76.0,2,PHONE
1626745440000,1626745500000,9,2021-07-20 10:44:00,2021-07-20 10:45:00,6.0,0.0,6.0,1,PHONE
1626746400000,1626746460000,9,2021-07-20 11:00:00,2021-07-20 11:01:00,14.0,0.0,14.0,1,PHONE
1626747600000,1626748140000,9,2021-07-20 11:20:00,2021-07-20 11:29:00,704.0,0.0,704.0,9,PHONE
1626748920000,1626749220000,9,2021-07-20 11:42:00,2021-07-20 11:47:00,366.0,0.0,366.0,5,PHONE
1626749400000,1626749460000,9,2021-07-20 11:50:00,2021-07-20 11:51:00,10.0,0.0,10.0,1,PHONE
1626751020000,1626751500000,9,2021-07-20 12:17:00,2021-07-20 12:25:00,529.0,0.0,529.0,8,PHONE
1626751560000,1626752220000,9,2021-07-20 12:26:00,2021-07-20 12:37:00,547.0,0.0,547.0,11,PHONE
1626755100000,1626755580000,9,2021-07-20 13:25:00,2021-07-20 13:33:00,410.0,0.0,410.0,8,PHONE
1626764700000,1626765240000,9,2021-07-20 16:05:00,2021-07-20 16:14:00,888.0,0.0,888.0,9,PHONE
1626765960000,1626766080000,9,2021-07-20 16:26:00,2021-07-20 16:28:00,114.0,0.0,114.0,2,PHONE
1626766260000,1626766380000,9,2021-07-20 16:31:00,2021-07-20 16:33:00,66.0,0.0,66.0,2,PHONE
1626766680000,1626767160000,9,2021-07-20 16:38:00,2021-07-20 16:46:00,522.0,0.0,522.0,8,PHONE
1626767220000,1626767700000,9,2021-07-20 16:47:00,2021-07-20 16:55:00,644.0,0.0,644.0,8,PHONE
1626768000000,1626768060000,9,2021-07-20 17:00:00,2021-07-20 17:01:00,55.0,0.0,55.0,1,PHONE
1626768480000,1626768600000,9,2021-07-20 17:08:00,2021-07-20 17:10:00,62.0,0.0,62.0,2,PHONE
1626769800000,1626770400000,9,2021-07-20 17:30:00,2021-07-20 17:40:00,730.0,0.0,730.0,10,PHONE
1626771000000,1626771060000,9,2021-07-20 17:50:00,2021-07-20 17:51:00,12.0,0.0,12.0,1,PHONE
1626773220000,1626773340000,9,2021-07-20 18:27:00,2021-07-20 18:29:00,42.0,0.0,42.0,2,PHONE
1626784200000,1626784320000,9,2021-07-20 21:30:00,2021-07-20 21:32:00,36.0,0.0,36.0,2,PHONE
1626789180000,1626789240000,9,2021-07-20 22:53:00,2021-07-20 22:54:00,7.0,0.0,7.0,1,PHONE
1626790200000,1626790380000,9,2021-07-20 23:10:00,2021-07-20 23:13:00,23.0,0.0,23.0,3,PHONE
1626790620000,1626790680000,9,2021-07-20 23:17:00,2021-07-20 23:18:00,8.0,0.0,8.0,1,PHONE
1626792840000,1626792900000,9,2021-07-20 23:54:00,2021-07-20 23:55:00,19.0,0.0,19.0,1,PHONE
1626805020000,1626805140000,9,2021-07-21 03:17:00,2021-07-21 03:19:00,41.0,0.0,41.0,2,PHONE
1626835620000,1626835680000,9,2021-07-21 11:47:00,2021-07-21 11:48:00,33.0,0.0,33.0,1,PHONE
1626839340000,1626839460000,9,2021-07-21 12:49:00,2021-07-21 12:51:00,20.0,0.0,20.0,2,PHONE
1626843000000,1626843060000,9,2021-07-21 13:50:00,2021-07-21 13:51:00,9.0,0.0,9.0,1,PHONE
1626846780000,1626846900000,9,2021-07-21 14:53:00,2021-07-21 14:55:00,17.0,0.0,17.0,2,PHONE
1626847800000,1626847860000,9,2021-07-21 15:10:00,2021-07-21 15:11:00,16.0,0.0,16.0,1,PHONE
1626851880000,1626851940000,9,2021-07-21 16:18:00,2021-07-21 16:19:00,19.0,0.0,19.0,1,PHONE
1626852000000,1626852060000,9,2021-07-21 16:20:00,2021-07-21 16:21:00,8.0,0.0,8.0,1,PHONE
1626852120000,1626852180000,9,2021-07-21 16:22:00,2021-07-21 16:23:00,11.0,0.0,11.0,1,PHONE
1626854340000,1626854400000,9,2021-07-21 16:59:00,2021-07-21 17:00:00,22.0,0.0,22.0,1,PHONE
1626856020000,1626856080000,9,2021-07-21 17:27:00,2021-07-21 17:28:00,41.0,0.0,41.0,1,PHONE
1626856140000,1626856620000,9,2021-07-21 17:29:00,2021-07-21 17:37:00,706.0,0.0,706.0,8,PHONE
1626857280000,1626857340000,9,2021-07-21 17:48:00,2021-07-21 17:49:00,37.0,0.0,37.0,1,PHONE
1626857700000,1626857760000,9,2021-07-21 17:55:00,2021-07-21 17:56:00,11.0,0.0,11.0,1,PHONE
1626857880000,1626857940000,9,2021-07-21 17:58:00,2021-07-21 17:59:00,25.0,0.0,25.0,1,PHONE
1626858600000,1626858780000,9,2021-07-21 18:10:00,2021-07-21 18:13:00,44.0,0.0,44.0,3,PHONE
1626859080000,1626859200000,9,2021-07-21 18:18:00,2021-07-21 18:20:00,77.0,0.0,77.0,2,PHONE
1626859740000,1626859800000,9,2021-07-21 18:29:00,2021-07-21 18:30:00,12.0,0.0,12.0,1,PHONE
1626859980000,1626860100000,9,2021-07-21 18:33:00,2021-07-21 18:35:00,41.0,0.0,41.0,2,PHONE
1626860520000,1626861240000,9,2021-07-21 18:42:00,2021-07-21 18:54:00,794.0,0.0,794.0,12,PHONE
1626862860000,1626862920000,9,2021-07-21 19:21:00,2021-07-21 19:22:00,16.0,0.0,16.0,1,PHONE
1626864840000,1626864900000,9,2021-07-21 19:54:00,2021-07-21 19:55:00,7.0,0.0,7.0,1,PHONE
1626864960000,1626865140000,9,2021-07-21 19:56:00,2021-07-21 19:59:00,78.0,0.0,78.0,3,PHONE
1626874920000,1626874980000,9,2021-07-21 22:42:00,2021-07-21 22:43:00,0.0,21.0,21.0,1,WEARABLE
1626876300000,1626876360000,9,2021-07-21 23:05:00,2021-07-21 23:06:00,0.0,35.0,35.0,1,WEARABLE
1626876480000,1626876540000,9,2021-07-21 23:08:00,2021-07-21 23:09:00,0.0,13.0,13.0,1,WEARABLE
1626876600000,1626876720000,9,2021-07-21 23:10:00,2021-07-21 23:12:00,0.0,32.0,32.0,2,WEARABLE
1626876720000,1626876780000,9,2021-07-21 23:12:00,2021-07-21 23:13:00,38.0,0.0,38.0,1,PHONE
1626876780000,1626877140000,9,2021-07-21 23:13:00,2021-07-21 23:19:00,585.0,597.0,591.0,6,BOTH
1626878580000,1626880620000,9,2021-07-21 23:43:00,2021-07-22 00:17:00,3443.0,3198.0,3320.5,34,BOTH
1626880620000,1626880680000,9,2021-07-22 00:17:00,2021-07-22 00:18:00,6.0,0.0,6.0,1,PHONE
1626880860000,1626880920000,9,2021-07-22 00:21:00,2021-07-22 00:22:00,0.0,13.0,13.0,1,WEARABLE
1626881100000,1626881160000,9,2021-07-22 00:25:00,2021-07-22 00:26:00,0.0,10.0,10.0,1,WEARABLE
1626881340000,1626881400000,9,2021-07-22 00:29:00,2021-07-22 00:30:00,0.0,10.0,10.0,1,WEARABLE
1626882300000,1626882360000,9,2021-07-22 00:45:00,2021-07-22 00:46:00,26.0,0.0,26.0,1,PHONE
1626882360000,1626883740000,9,2021-07-22 00:46:00,2021-07-22 01:09:00,2314.0,2271.0,2292.5,23,BOTH
1626883800000,1626885360000,9,2021-07-22 01:10:00,2021-07-22 01:36:00,2535.0,2490.0,2512.5,26,BOTH
1626885420000,1626885780000,9,2021-07-22 01:37:00,2021-07-22 01:43:00,515.0,506.0,510.5,6,BOTH
1626885840000,1626885900000,9,2021-07-22 01:44:00,2021-07-22 01:45:00,13.0,0.0,13.0,1,PHONE
1626886020000,1626886140000,9,2021-07-22 01:47:00,2021-07-22 01:49:00,10.0,0.0,10.0,2,PHONE
1626886140000,1626886260000,9,2021-07-22 01:49:00,2021-07-22 01:51:00,100.0,81.0,90.5,2,BOTH
1626886740000,1626886800000,9,2021-07-22 01:59:00,2021-07-22 02:00:00,0.0,19.0,19.0,1,WEARABLE
1626886860000,1626887040000,9,2021-07-22 02:01:00,2021-07-22 02:04:00,0.0,64.0,64.0,3,WEARABLE
1626887160000,1626887220000,9,2021-07-22 02:06:00,2021-07-22 02:07:00,0.0,10.0,10.0,1,WEARABLE
1626887340000,1626887400000,9,2021-07-22 02:09:00,2021-07-22 02:10:00,0.0,12.0,12.0,1,WEARABLE
1626887400000,1626887700000,9,2021-07-22 02:10:00,2021-07-22 02:15:00,317.0,326.0,321.5,5,BOTH
1626888600000,1626888660000,9,2021-07-22 02:30:00,2021-07-22 02:31:00,29.0,0.0,29.0,1,PHONE
1626924060000,1626924180000,9,2021-07-22 12:21:00,2021-07-22 12:23:00,33.0,0.0,33.0,2,PHONE
1626925320000,1626925500000,9,2021-07-22 12:42:00,2021-07-22 12:45:00,46.0,0.0,46.0,3,PHONE
1626925680000,1626925740000,9,2021-07-22 12:48:00,2021-07-22 12:49:00,11.0,0.0,11.0,1,PHONE
1626928500000,1626928560000,9,2021-07-22 13:35:00,2021-07-22 13:36:00,21.0,0.0,21.0,1,PHONE
1626932700000,1626932760000,9,2021-07-22 14:45:00,2021-07-22 14:46:00,21.0,0.0,21.0,1,PHONE
1626932880000,1626932940000,9,2021-07-22 14:48:00,2021-07-22 14:49:00,17.0,0.0,17.0,1,PHONE
1626933420000,1626933660000,9,2021-07-22 14:57:00,2021-07-22 15:01:00,66.0,0.0,66.0,4,PHONE
1626937020000,1626937080000,9,2021-07-22 15:57:00,2021-07-22 15:58:00,29.0,0.0,29.0,1,PHONE
1626944460000,1626944520000,9,2021-07-22 18:01:00,2021-07-22 18:02:00,14.0,0.0,14.0,1,PHONE
1626944580000,1626944640000,9,2021-07-22 18:03:00,2021-07-22 18:04:00,21.0,0.0,21.0,1,PHONE
1626944700000,1626945180000,9,2021-07-22 18:05:00,2021-07-22 18:13:00,653.0,0.0,653.0,8,PHONE
1626945240000,1626945300000,9,2021-07-22 18:14:00,2021-07-22 18:15:00,48.0,0.0,48.0,1,PHONE
1626945420000,1626945480000,9,2021-07-22 18:17:00,2021-07-22 18:18:00,16.0,0.0,16.0,1,PHONE
1626946920000,1626946980000,9,2021-07-22 18:42:00,2021-07-22 18:43:00,54.0,0.0,54.0,1,PHONE
1626947820000,1626947880000,9,2021-07-22 18:57:00,2021-07-22 18:58:00,20.0,0.0,20.0,1,PHONE
1626948060000,1626948120000,9,2021-07-22 19:01:00,2021-07-22 19:02:00,7.0,0.0,7.0,1,PHONE
1626948300000,1626948360000,9,2021-07-22 19:05:00,2021-07-22 19:06:00,23.0,0.0,23.0,1,PHONE
1626948720000,1626948840000,9,2021-07-22 19:12:00,2021-07-22 19:14:00,74.0,0.0,74.0,2,PHONE
1626949440000,1626949500000,9,2021-07-22 19:24:00,2021-07-22 19:25:00,33.0,0.0,33.0,1,PHONE
1626949620000,1626950100000,9,2021-07-22 19:27:00,2021-07-22 19:35:00,715.0,0.0,715.0,8,PHONE
1626950100000,1626950160000,9,2021-07-22 19:35:00,2021-07-22 19:36:00,28.0,6.0,17.0,1,BOTH
1626950160000,1626950220000,9,2021-07-22 19:36:00,2021-07-22 19:37:00,18.0,0.0,18.0,1,PHONE
1626953880000,1626953940000,9,2021-07-22 20:38:00,2021-07-22 20:39:00,38.0,0.0,38.0,1,PHONE
1626954000000,1626954060000,9,2021-07-22 20:40:00,2021-07-22 20:41:00,7.0,0.0,7.0,1,PHONE
1626956820000,1626956940000,9,2021-07-22 21:27:00,2021-07-22 21:29:00,39.0,0.0,39.0,2,PHONE
1626963060000,1626963120000,9,2021-07-22 23:11:00,2021-07-22 23:12:00,6.0,0.0,6.0,1,PHONE
1626964500000,1626964560000,9,2021-07-22 23:35:00,2021-07-22 23:36:00,15.0,0.0,15.0,1,PHONE
1626964680000,1626964800000,9,2021-07-22 23:38:00,2021-07-22 23:40:00,40.0,0.0,40.0,2,PHONE
1626967500000,1626967560000,9,2021-07-23 00:25:00,2021-07-23 00:26:00,6.0,0.0,6.0,1,PHONE
1626968220000,1626968280000,9,2021-07-23 00:37:00,2021-07-23 00:38:00,14.0,0.0,14.0,1,PHONE
1626974520000,1626974640000,9,2021-07-23 02:22:00,2021-07-23 02:24:00,39.0,0.0,39.0,2,PHONE
1627011360000,1627011420000,9,2021-07-23 12:36:00,2021-07-23 12:37:00,35.0,0.0,35.0,1,PHONE
1627011840000,1627012020000,9,2021-07-23 12:44:00,2021-07-23 12:47:00,47.0,0.0,47.0,3,PHONE
1627012740000,1627012860000,9,2021-07-23 12:59:00,2021-07-23 13:01:00,50.0,0.0,50.0,2,PHONE
1627014900000,1627014960000,9,2021-07-23 13:35:00,2021-07-23 13:36:00,31.0,0.0,31.0,1,PHONE
1627015140000,1627015260000,9,2021-07-23 13:39:00,2021-07-23 13:41:00,45.0,0.0,45.0,2,PHONE
1627015440000,1627015560000,9,2021-07-23 13:44:00,2021-07-23 13:46:00,44.0,0.0,44.0,2,PHONE
1627016640000,1627016700000,9,2021-07-23 14:04:00,2021-07-23 14:05:00,34.0,0.0,34.0,1,PHONE
1627017540000,1627017600000,9,2021-07-23 14:19:00,2021-07-23 14:20:00,19.0,0.0,19.0,1,PHONE
1627017900000,1627017960000,9,2021-07-23 14:25:00,2021-07-23 14:26:00,30.0,0.0,30.0,1,PHONE
1627028400000,1627028940000,9,2021-07-23 17:20:00,2021-07-23 17:29:00,668.0,0.0,668.0,9,PHONE
1627032480000,1627033020000,9,2021-07-23 18:28:00,2021-07-23 18:37:00,688.0,0.0,688.0,9,PHONE
1627033080000,1627033140000,9,2021-07-23 18:38:00,2021-07-23 18:39:00,16.0,0.0,16.0,1,PHONE
1627036380000,1627036440000,9,2021-07-23 19:33:00,2021-07-23 19:34:00,7.0,0.0,7.0,1,PHONE
1627041660000,1627041780000,9,2021-07-23 21:01:00,2021-07-23 21:03:00,26.0,0.0,26.0,2,PHONE
1627064100000,1627064160000,9,2021-07-24 03:15:00,2021-07-24 03:16:00,24.0,0.0,24.0,1,PHONE
1627064220000,1627064280000,9,2021-07-24 03:17:00,2021-07-24 03:18:00,7.0,0.0,7.0,1,PHONE
1627101180000,1627101240000,9,2021-07-24 13:33:00,2021-07-24 13:34:00,13.0,0.0,13.0,1,PHONE
1627101900000,1627102020000,9,2021-07-24 13:45:00,2021-07-24 13:47:00,23.0,0.0,23.0,2,PHONE
1627103940000,1627104000000,9,2021-07-24 14:19:00,2021-07-24 14:20:00,22.0,0.0,22.0,1,PHONE
1627106040000,1627106100000,9,2021-07-24 14:54:00,2021-07-24 14:55:00,15.0,0.0,15.0,1,PHONE
1627106460000,1627106640000,9,2021-07-24 15:01:00,2021-07-24 15:04:00,113.0,0.0,113.0,3,PHONE
1627107120000,1627107240000,9,2021-07-24 15:12:00,2021-07-24 15:14:00,27.0,0.0,27.0,2,PHONE
1627107360000,1627107480000,9,2021-07-24 15:16:00,2021-07-24 15:18:00,58.0,0.0,58.0,2,PHONE
1627107540000,1627107600000,9,2021-07-24 15:19:00,2021-07-24 15:20:00,9.0,0.0,9.0,1,PHONE
1627110360000,1627111140000,9,2021-07-24 16:06:00,2021-07-24 16:19:00,665.0,0.0,665.0,13,PHONE
1627111320000,1627111620000,9,2021-07-24 16:22:00,2021-07-24 16:27:00,206.0,0.0,206.0,5,PHONE
1627111740000,1627112040000,9,2021-07-24 16:29:00,2021-07-24 16:34:00,59.0,0.0,59.0,5,PHONE
1627112100000,1627112220000,9,2021-07-24 16:35:00,2021-07-24 16:37:00,74.0,0.0,74.0,2,PHONE
1627112400000,1627112580000,9,2021-07-24 16:40:00,2021-07-24 16:43:00,48.0,0.0,48.0,3,PHONE
1627112700000,1627112760000,9,2021-07-24 16:45:00,2021-07-24 16:46:00,18.0,0.0,18.0,1,PHONE
1627112820000,1627113000000,9,2021-07-24 16:47:00,2021-07-24 16:50:00,114.0,0.0,114.0,3,PHONE
1627113180000,1627113240000,9,2021-07-24 16:53:00,2021-07-24 16:54:00,24.0,0.0,24.0,1,PHONE
1627113300000,1627113360000,9,2021-07-24 16:55:00,2021-07-24 16:56:00,8.0,0.0,8.0,1,PHONE
1627113780000,1627113900000,9,2021-07-24 17:03:00,2021-07-24 17:05:00,37.0,0.0,37.0,2,PHONE
1627113960000,1627114020000,9,2021-07-24 17:06:00,2021-07-24 17:07:00,7.0,0.0,7.0,1,PHONE
1627115340000,1627115820000,9,2021-07-24 17:29:00,2021-07-24 17:37:00,595.0,0.0,595.0,8,PHONE
1627115880000,1627116060000,9,2021-07-24 17:38:00,2021-07-24 17:41:00,178.0,0.0,178.0,3,PHONE
1627116180000,1627116600000,9,2021-07-24 17:43:00,2021-07-24 17:50:00,481.0,0.0,481.0,7,PHONE
1627117080000,1627117140000,9,2021-07-24 17:58:00,2021-07-24 17:59:00,19.0,0.0,19.0,1,PHONE
1627117380000,1627117800000,9,2021-07-24 18:03:00,2021-07-24 18:10:00,535.0,0.0,535.0,7,PHONE
1627117860000,1627117980000,9,2021-07-24 18:11:00,2021-07-24 18:13:00,114.0,0.0,114.0,2,PHONE
1627118160000,1627118880000,9,2021-07-24 18:16:00,2021-07-24 18:28:00,856.0,0.0,856.0,12,PHONE
1627121220000,1627121460000,9,2021-07-24 19:07:00,2021-07-24 19:11:00,148.0,0.0,148.0,4,PHONE
1627122300000,1627122360000,9,2021-07-24 19:25:00,2021-07-24 19:26:00,26.0,0.0,26.0,1,PHONE
1627122660000,1627122780000,9,2021-07-24 19:31:00,2021-07-24 19:33:00,46.0,0.0,46.0,2,PHONE
1627122840000,1627122960000,9,2021-07-24 19:34:00,2021-07-24 19:36:00,32.0,0.0,32.0,2,PHONE
1627124100000,1627124160000,9,2021-07-24 19:55:00,2021-07-24 19:56:00,31.0,0.0,31.0,1,PHONE
1627124640000,1627125180000,9,2021-07-24 20:04:00,2021-07-24 20:13:00,696.0,0.0,696.0,9,PHONE
1627126380000,1627130160000,9,2021-07-24 20:33:00,2021-07-24 21:36:00,6012.0,0.0,6012.0,63,PHONE
1627130280000,1627132080000,9,2021-07-24 21:38:00,2021-07-24 22:08:00,3056.0,0.0,3056.0,30,PHONE
1627132140000,1627135800000,9,2021-07-24 22:09:00,2021-07-24 23:10:00,6476.0,0.0,6476.0,61,PHONE
1627136160000,1627136220000,9,2021-07-24 23:16:00,2021-07-24 23:17:00,7.0,0.0,7.0,1,PHONE
1627136340000,1627136400000,9,2021-07-24 23:19:00,2021-07-24 23:20:00,23.0,0.0,23.0,1,PHONE
1627136520000,1627136580000,9,2021-07-24 23:22:00,2021-07-24 23:23:00,12.0,0.0,12.0,1,PHONE
1627137720000,1627138380000,9,2021-07-24 23:42:00,2021-07-24 23:53:00,830.0,0.0,830.0,11,PHONE
1627176540000,1627176600000,9,2021-07-25 10:29:00,2021-07-25 10:30:00,32.0,0.0,32.0,1,PHONE
1627176660000,1627176720000,9,2021-07-25 10:31:00,2021-07-25 10:32:00,18.0,0.0,18.0,1,PHONE
1627177020000,1627177080000,9,2021-07-25 10:37:00,2021-07-25 10:38:00,6.0,0.0,6.0,1,PHONE
1627179600000,1627179660000,9,2021-07-25 11:20:00,2021-07-25 11:21:00,27.0,0.0,27.0,1,PHONE
1627181580000,1627181640000,9,2021-07-25 11:53:00,2021-07-25 11:54:00,20.0,0.0,20.0,1,PHONE
1627182420000,1627182480000,9,2021-07-25 12:07:00,2021-07-25 12:08:00,29.0,0.0,29.0,1,PHONE
1627183020000,1627183140000,9,2021-07-25 12:17:00,2021-07-25 12:19:00,18.0,0.0,18.0,2,PHONE
1627184160000,1627184280000,9,2021-07-25 12:36:00,2021-07-25 12:38:00,77.0,0.0,77.0,2,PHONE
1627184340000,1627184880000,9,2021-07-25 12:39:00,2021-07-25 12:48:00,710.0,0.0,710.0,9,PHONE
1627186260000,1627186380000,9,2021-07-25 13:11:00,2021-07-25 13:13:00,25.0,0.0,25.0,2,PHONE
1627186920000,1627186980000,9,2021-07-25 13:22:00,2021-07-25 13:23:00,33.0,0.0,33.0,1,PHONE
1627187460000,1627187520000,9,2021-07-25 13:31:00,2021-07-25 13:32:00,27.0,0.0,27.0,1,PHONE
1627188060000,1627188660000,9,2021-07-25 13:41:00,2021-07-25 13:51:00,704.0,0.0,704.0,10,PHONE
1627188660000,1627188720000,9,2021-07-25 13:51:00,2021-07-25 13:52:00,31.0,27.0,29.0,1,BOTH
1627189620000,1627189740000,9,2021-07-25 14:07:00,2021-07-25 14:09:00,38.0,0.0,38.0,2,PHONE
1627189920000,1627190160000,9,2021-07-25 14:12:00,2021-07-25 14:16:00,228.0,0.0,228.0,4,PHONE
1627195560000,1627195620000,9,2021-07-25 15:46:00,2021-07-25 15:47:00,23.0,0.0,23.0,1,PHONE
1627195680000,1627195980000,9,2021-07-25 15:48:00,2021-07-25 15:53:00,458.0,0.0,458.0,5,PHONE
1627196280000,1627196460000,9,2021-07-25 15:58:00,2021-07-25 16:01:00,87.0,0.0,87.0,3,PHONE
1627196880000,1627197060000,9,2021-07-25 16:08:00,2021-07-25 16:11:00,89.0,0.0,89.0,3,PHONE
1627198560000,1627199100000,9,2021-07-25 16:36:00,2021-07-25 16:45:00,573.0,0.0,573.0,9,PHONE
1627200960000,1627201080000,9,2021-07-25 17:16:00,2021-07-25 17:18:00,52.0,0.0,52.0,2,PHONE
1627203360000,1627203480000,9,2021-07-25 17:56:00,2021-07-25 17:58:00,54.0,0.0,54.0,2,PHONE
1627206300000,1627206420000,9,2021-07-25 18:45:00,2021-07-25 18:47:00,82.0,0.0,82.0,2,PHONE
1627206480000,1627206540000,9,2021-07-25 18:48:00,2021-07-25 18:49:00,18.0,0.0,18.0,1,PHONE
1627210080000,1627210140000,9,2021-07-25 19:48:00,2021-07-25 19:49:00,13.0,0.0,13.0,1,PHONE
1627210800000,1627211400000,9,2021-07-25 20:00:00,2021-07-25 20:10:00,871.0,0.0,871.0,10,PHONE
1627211520000,1627211580000,9,2021-07-25 20:12:00,2021-07-25 20:13:00,10.0,0.0,10.0,1,PHONE
1627212180000,1627212780000,9,2021-07-25 20:23:00,2021-07-25 20:33:00,759.0,0.0,759.0,10,PHONE
1627212840000,1627216920000,9,2021-07-25 20:34:00,2021-07-25 21:42:00,6860.0,0.0,6860.0,68,PHONE
1627217100000,1627217340000,9,2021-07-25 21:45:00,2021-07-25 21:49:00,256.0,0.0,256.0,4,PHONE
1627217640000,1627217700000,9,2021-07-25 21:54:00,2021-07-25 21:55:00,38.0,0.0,38.0,1,PHONE
1627218300000,1627218360000,9,2021-07-25 22:05:00,2021-07-25 22:06:00,18.0,0.0,18.0,1,PHONE
1627218540000,1627219860000,9,2021-07-25 22:09:00,2021-07-25 22:31:00,2074.0,0.0,2074.0,22,PHONE
1627219980000,1627220340000,9,2021-07-25 22:33:00,2021-07-25 22:39:00,586.0,0.0,586.0,6,PHONE
1627220760000,1627220880000,9,2021-07-25 22:46:00,2021-07-25 22:48:00,22.0,0.0,22.0,2,PHONE
1627221840000,1627222500000,9,2021-07-25 23:04:00,2021-07-25 23:15:00,792.0,0.0,792.0,11,PHONE
1627223400000,1627223460000,9,2021-07-25 23:30:00,2021-07-25 23:31:00,16.0,0.0,16.0,1,PHONE
1627224420000,1627224540000,9,2021-07-25 23:47:00,2021-07-25 23:49:00,11.0,0.0,11.0,2,PHONE
1627275660000,1627275720000,9,2021-07-26 14:01:00,2021-07-26 14:02:00,25.0,0.0,25.0,1,PHONE
1627276980000,1627277100000,9,2021-07-26 14:23:00,2021-07-26 14:25:00,26.0,0.0,26.0,2,PHONE
1627277160000,1627277280000,9,2021-07-26 14:26:00,2021-07-26 14:28:00,44.0,0.0,44.0,2,PHONE
1627284840000,1627284960000,9,2021-07-26 16:34:00,2021-07-26 16:36:00,19.0,0.0,19.0,2,PHONE
1627285560000,1627285680000,9,2021-07-26 16:46:00,2021-07-26 16:48:00,17.0,0.0,17.0,2,PHONE
1627289820000,1627290360000,9,2021-07-26 17:57:00,2021-07-26 18:06:00,726.0,0.0,726.0,9,PHONE
1627290720000,1627290840000,9,2021-07-26 18:12:00,2021-07-26 18:14:00,23.0,0.0,23.0,2,PHONE
1627291560000,1627291620000,9,2021-07-26 18:26:00,2021-07-26 18:27:00,41.0,0.0,41.0,1,PHONE
1627292520000,1627292580000,9,2021-07-26 18:42:00,2021-07-26 18:43:00,64.0,0.0,64.0,1,PHONE
1627293120000,1627293180000,9,2021-07-26 18:52:00,2021-07-26 18:53:00,17.0,0.0,17.0,1,PHONE
1627293660000,1627294380000,9,2021-07-26 19:01:00,2021-07-26 19:13:00,775.0,0.0,775.0,12,PHONE
1627294500000,1627294560000,9,2021-07-26 19:15:00,2021-07-26 19:16:00,23.0,0.0,23.0,1,PHONE
1627295580000,1627295640000,9,2021-07-26 19:33:00,2021-07-26 19:34:00,8.0,0.0,8.0,1,PHONE
1627296900000,1627296960000,9,2021-07-26 19:55:00,2021-07-26 19:56:00,19.0,0.0,19.0,1,PHONE
1627298040000,1627298160000,9,2021-07-26 20:14:00,2021-07-26 20:16:00,28.0,0.0,28.0,2,PHONE
1627343640000,1627343700000,9,2021-07-27 08:54:00,2021-07-27 08:55:00,12.0,0.0,12.0,1,PHONE
1627344180000,1627344300000,9,2021-07-27 09:03:00,2021-07-27 09:05:00,53.0,0.0,53.0,2,PHONE
1627344480000,1627345020000,9,2021-07-27 09:08:00,2021-07-27 09:17:00,694.0,0.0,694.0,9,PHONE
1627346160000,1627346220000,9,2021-07-27 09:36:00,2021-07-27 09:37:00,28.0,0.0,28.0,1,PHONE
1627346760000,1627346820000,9,2021-07-27 09:46:00,2021-07-27 09:47:00,15.0,0.0,15.0,1,PHONE
1627347180000,1627347240000,9,2021-07-27 09:53:00,2021-07-27 09:54:00,23.0,0.0,23.0,1,PHONE
1627347960000,1627348020000,9,2021-07-27 10:06:00,2021-07-27 10:07:00,34.0,0.0,34.0,1,PHONE
1627348140000,1627348260000,9,2021-07-27 10:09:00,2021-07-27 10:11:00,33.0,0.0,33.0,2,PHONE
1627348380000,1627348980000,9,2021-07-27 10:13:00,2021-07-27 10:23:00,760.0,0.0,760.0,10,PHONE
1627349580000,1627349640000,9,2021-07-27 10:33:00,2021-07-27 10:34:00,7.0,0.0,7.0,1,PHONE
1627350240000,1627350300000,9,2021-07-27 10:44:00,2021-07-27 10:45:00,11.0,0.0,11.0,1,PHONE
1627350360000,1627350420000,9,2021-07-27 10:46:00,2021-07-27 10:47:00,12.0,0.0,12.0,1,PHONE
1627350540000,1627350600000,9,2021-07-27 10:49:00,2021-07-27 10:50:00,16.0,0.0,16.0,1,PHONE
1627353300000,1627353360000,9,2021-07-27 11:35:00,2021-07-27 11:36:00,18.0,0.0,18.0,1,PHONE
1627356300000,1627356420000,9,2021-07-27 12:25:00,2021-07-27 12:27:00,67.0,0.0,67.0,2,PHONE
1627356480000,1627357020000,9,2021-07-27 12:28:00,2021-07-27 12:37:00,739.0,0.0,739.0,9,PHONE
1627357740000,1627357800000,9,2021-07-27 12:49:00,2021-07-27 12:50:00,58.0,0.0,58.0,1,PHONE
1627357920000,1627358220000,9,2021-07-27 12:52:00,2021-07-27 12:57:00,385.0,0.0,385.0,5,PHONE
1627358280000,1627358400000,9,2021-07-27 12:58:00,2021-07-27 13:00:00,102.0,0.0,102.0,2,PHONE
1627358640000,1627359060000,9,2021-07-27 13:04:00,2021-07-27 13:11:00,489.0,0.0,489.0,7,PHONE
1627359120000,1627359240000,9,2021-07-27 13:12:00,2021-07-27 13:14:00,14.0,0.0,14.0,2,PHONE
1627359660000,1627362660000,9,2021-07-27 13:21:00,2021-07-27 14:11:00,4390.0,0.0,4390.0,50,PHONE
1627362720000,1627363440000,9,2021-07-27 14:12:00,2021-07-27 14:24:00,1019.0,0.0,1019.0,12,PHONE
1627368420000,1627368960000,9,2021-07-27 15:47:00,2021-07-27 15:56:00,561.0,0.0,561.0,9,PHONE
1627369260000,1627369860000,9,2021-07-27 16:01:00,2021-07-27 16:11:00,936.0,0.0,936.0,10,PHONE
1627370100000,1627371300000,9,2021-07-27 16:15:00,2021-07-27 16:35:00,1646.0,0.0,1646.0,20,PHONE
1627371360000,1627371960000,9,2021-07-27 16:36:00,2021-07-27 16:46:00,773.0,0.0,773.0,10,PHONE
1627372140000,1627372200000,9,2021-07-27 16:49:00,2021-07-27 16:50:00,9.0,0.0,9.0,1,PHONE
1627372380000,1627372440000,9,2021-07-27 16:53:00,2021-07-27 16:54:00,30.0,0.0,30.0,1,PHONE
1627375380000,1627375440000,9,2021-07-27 17:43:00,2021-07-27 17:44:00,8.0,0.0,8.0,1,PHONE
1627375620000,1627375920000,9,2021-07-27 17:47:00,2021-07-27 17:52:00,236.0,0.0,236.0,5,PHONE
1627376100000,1627376700000,9,2021-07-27 17:55:00,2021-07-27 18:05:00,779.0,0.0,779.0,10,PHONE
1627376880000,1627377000000,9,2021-07-27 18:08:00,2021-07-27 18:10:00,12.0,0.0,12.0,2,PHONE
1627377540000,1627379460000,9,2021-07-27 18:19:00,2021-07-27 18:51:00,3102.0,0.0,3102.0,32,PHONE
1627379520000,1627379880000,9,2021-07-27 18:52:00,2021-07-27 18:58:00,580.0,0.0,580.0,6,PHONE
1627383600000,1627383660000,9,2021-07-27 20:00:00,2021-07-27 20:01:00,7.0,0.0,7.0,1,PHONE
1627383900000,1627386540000,9,2021-07-27 20:05:00,2021-07-27 20:49:00,4155.0,0.0,4155.0,44,PHONE
1627386840000,1627387200000,9,2021-07-27 20:54:00,2021-07-27 21:00:00,353.0,0.0,353.0,6,PHONE
1627387320000,1627387620000,9,2021-07-27 21:02:00,2021-07-27 21:07:00,251.0,0.0,251.0,5,PHONE
1627387680000,1627387860000,9,2021-07-27 21:08:00,2021-07-27 21:11:00,245.0,0.0,245.0,3,PHONE
1627387980000,1627388460000,9,2021-07-27 21:13:00,2021-07-27 21:21:00,687.0,0.0,687.0,8,PHONE
1627388580000,1627388700000,9,2021-07-27 21:23:00,2021-07-27 21:25:00,39.0,0.0,39.0,2,PHONE
1627389540000,1627390920000,9,2021-07-27 21:39:00,2021-07-27 22:02:00,2307.0,0.0,2307.0,23,PHONE
1627411020000,1627411080000,9,2021-07-28 03:37:00,2021-07-28 03:38:00,12.0,0.0,12.0,1,PHONE
1627445820000,1627445940000,9,2021-07-28 13:17:00,2021-07-28 13:19:00,36.0,0.0,36.0,2,PHONE
1627446060000,1627446120000,9,2021-07-28 13:21:00,2021-07-28 13:22:00,18.0,0.0,18.0,1,PHONE
1627446180000,1627446240000,9,2021-07-28 13:23:00,2021-07-28 13:24:00,7.0,0.0,7.0,1,PHONE
1627446900000,1627447020000,9,2021-07-28 13:35:00,2021-07-28 13:37:00,39.0,0.0,39.0,2,PHONE
1627448700000,1627448760000,9,2021-07-28 14:05:00,2021-07-28 14:06:00,6.0,0.0,6.0,1,PHONE
1627449300000,1627449420000,9,2021-07-28 14:15:00,2021-07-28 14:17:00,73.0,0.0,73.0,2,PHONE
1627461480000,1627461540000,9,2021-07-28 17:38:00,2021-07-28 17:39:00,21.0,0.0,21.0,1,PHONE
1627462020000,1627462080000,9,2021-07-28 17:47:00,2021-07-28 17:48:00,36.0,0.0,36.0,1,PHONE
1627462140000,1627462680000,9,2021-07-28 17:49:00,2021-07-28 17:58:00,748.0,0.0,748.0,9,PHONE
1627463160000,1627463220000,9,2021-07-28 18:06:00,2021-07-28 18:07:00,49.0,0.0,49.0,1,PHONE
1627463940000,1627464060000,9,2021-07-28 18:19:00,2021-07-28 18:21:00,53.0,0.0,53.0,2,PHONE
1627464420000,1627464540000,9,2021-07-28 18:27:00,2021-07-28 18:29:00,26.0,0.0,26.0,2,PHONE
1627465320000,1627465380000,9,2021-07-28 18:42:00,2021-07-28 18:43:00,26.0,0.0,26.0,1,PHONE
1627465560000,1627465620000,9,2021-07-28 18:46:00,2021-07-28 18:47:00,15.0,0.0,15.0,1,PHONE
1627465800000,1627465980000,9,2021-07-28 18:50:00,2021-07-28 18:53:00,93.0,0.0,93.0,3,PHONE
1627466520000,1627467240000,9,2021-07-28 19:02:00,2021-07-28 19:14:00,747.0,0.0,747.0,12,PHONE
1627467960000,1627468020000,9,2021-07-28 19:26:00,2021-07-28 19:27:00,9.0,0.0,9.0,1,PHONE
1627468320000,1627468380000,9,2021-07-28 19:32:00,2021-07-28 19:33:00,13.0,0.0,13.0,1,PHONE
1627470120000,1627470180000,9,2021-07-28 20:02:00,2021-07-28 20:03:00,6.0,0.0,6.0,1,PHONE
1627470720000,1627470840000,9,2021-07-28 20:12:00,2021-07-28 20:14:00,47.0,0.0,47.0,2,PHONE
1627470900000,1627471020000,9,2021-07-28 20:15:00,2021-07-28 20:17:00,44.0,0.0,44.0,2,PHONE
1627471080000,1627471140000,9,2021-07-28 20:18:00,2021-07-28 20:19:00,11.0,0.0,11.0,1,PHONE
1627479180000,1627479240000,9,2021-07-28 22:33:00,2021-07-28 22:34:00,19.0,0.0,19.0,1,PHONE
1627480020000,1627480080000,9,2021-07-28 22:47:00,2021-07-28 22:48:00,15.0,0.0,15.0,1,PHONE
1627487520000,1627487580000,9,2021-07-29 00:52:00,2021-07-29 00:53:00,33.0,0.0,33.0,1,PHONE
1627487760000,1627487940000,9,2021-07-29 00:56:00,2021-07-29 00:59:00,17.0,0.0,17.0,3,PHONE
1627490460000,1627490520000,9,2021-07-29 01:41:00,2021-07-29 01:42:00,12.0,0.0,12.0,1,PHONE
1627525620000,1627525680000,9,2021-07-29 11:27:00,2021-07-29 11:28:00,21.0,0.0,21.0,1,PHONE
1627528500000,1627528620000,9,2021-07-29 12:15:00,2021-07-29 12:17:00,39.0,0.0,39.0,2,PHONE
1627530120000,1627530180000,9,2021-07-29 12:42:00,2021-07-29 12:43:00,12.0,0.0,12.0,1,PHONE
1627530540000,1627530600000,9,2021-07-29 12:49:00,2021-07-29 12:50:00,26.0,0.0,26.0,1,PHONE
1627530660000,1627530720000,9,2021-07-29 12:51:00,2021-07-29 12:52:00,9.0,0.0,9.0,1,PHONE
1627530840000,1627530900000,9,2021-07-29 12:54:00,2021-07-29 12:55:00,19.0,0.0,19.0,1,PHONE
1627531200000,1627531980000,9,2021-07-29 13:00:00,2021-07-29 13:13:00,1012.0,0.0,1012.0,13,PHONE
1627532040000,1627532100000,9,2021-07-29 13:14:00,2021-07-29 13:15:00,8.0,0.0,8.0,1,PHONE
1627532160000,1627534260000,9,2021-07-29 13:16:00,2021-07-29 13:51:00,3288.0,0.0,3288.0,35,PHONE
1627534320000,1627535640000,9,2021-07-29 13:52:00,2021-07-29 14:14:00,2510.0,0.0,2510.0,22,PHONE
1627535700000,1627536000000,9,2021-07-29 14:15:00,2021-07-29 14:20:00,254.0,0.0,254.0,5,PHONE
1627536180000,1627536840000,9,2021-07-29 14:23:00,2021-07-29 14:34:00,873.0,0.0,873.0,11,PHONE
1627538520000,1627538700000,9,2021-07-29 15:02:00,2021-07-29 15:05:00,47.0,0.0,47.0,3,PHONE
1627543500000,1627543560000,9,2021-07-29 16:25:00,2021-07-29 16:26:00,19.0,0.0,19.0,1,PHONE
1627544160000,1627544220000,9,2021-07-29 16:36:00,2021-07-29 16:37:00,21.0,0.0,21.0,1,PHONE
1627546680000,1627546740000,9,2021-07-29 17:18:00,2021-07-29 17:19:00,17.0,0.0,17.0,1,PHONE
1627547940000,1627548000000,9,2021-07-29 17:39:00,2021-07-29 17:40:00,15.0,0.0,15.0,1,PHONE
1627548060000,1627548180000,9,2021-07-29 17:41:00,2021-07-29 17:43:00,54.0,0.0,54.0,2,PHONE
1627549440000,1627550040000,9,2021-07-29 18:04:00,2021-07-29 18:14:00,790.0,0.0,790.0,10,PHONE
1627551660000,1627551840000,9,2021-07-29 18:41:00,2021-07-29 18:44:00,43.0,0.0,43.0,3,PHONE
1627553460000,1627553580000,9,2021-07-29 19:11:00,2021-07-29 19:13:00,41.0,0.0,41.0,2,PHONE
1627554000000,1627554060000,9,2021-07-29 19:20:00,2021-07-29 19:21:00,15.0,0.0,15.0,1,PHONE
1627554240000,1627554300000,9,2021-07-29 19:24:00,2021-07-29 19:25:00,10.0,0.0,10.0,1,PHONE
1627554480000,1627555080000,9,2021-07-29 19:28:00,2021-07-29 19:38:00,748.0,0.0,748.0,10,PHONE
1627557360000,1627557420000,9,2021-07-29 20:16:00,2021-07-29 20:17:00,12.0,0.0,12.0,1,PHONE
1627559100000,1627559220000,9,2021-07-29 20:45:00,2021-07-29 20:47:00,20.0,0.0,20.0,2,PHONE
1627559280000,1627559400000,9,2021-07-29 20:48:00,2021-07-29 20:50:00,81.0,0.0,81.0,2,PHONE
1627571400000,1627571520000,9,2021-07-30 00:10:00,2021-07-30 00:12:00,37.0,0.0,37.0,2,PHONE
1627582260000,1627582320000,9,2021-07-30 03:11:00,2021-07-30 03:12:00,16.0,0.0,16.0,1,PHONE
1627582680000,1627582740000,9,2021-07-30 03:18:00,2021-07-30 03:19:00,7.0,0.0,7.0,1,PHONE
1627613280000,1627613640000,9,2021-07-30 11:48:00,2021-07-30 11:54:00,202.0,0.0,202.0,6,PHONE
1627613700000,1627613820000,9,2021-07-30 11:55:00,2021-07-30 11:57:00,52.0,0.0,52.0,2,PHONE
1627613880000,1627614060000,9,2021-07-30 11:58:00,2021-07-30 12:01:00,56.0,0.0,56.0,3,PHONE
1627614120000,1627614180000,9,2021-07-30 12:02:00,2021-07-30 12:03:00,12.0,0.0,12.0,1,PHONE
1627617240000,1627617360000,9,2021-07-30 12:54:00,2021-07-30 12:56:00,101.0,0.0,101.0,2,PHONE
1627617420000,1627617480000,9,2021-07-30 12:57:00,2021-07-30 12:58:00,47.0,0.0,47.0,1,PHONE
1627617840000,1627618080000,9,2021-07-30 13:04:00,2021-07-30 13:08:00,269.0,0.0,269.0,4,PHONE
1627618140000,1627618500000,9,2021-07-30 13:09:00,2021-07-30 13:15:00,190.0,0.0,190.0,6,PHONE
1627619220000,1627619400000,9,2021-07-30 13:27:00,2021-07-30 13:30:00,30.0,0.0,30.0,3,PHONE
1627619760000,1627619880000,9,2021-07-30 13:36:00,2021-07-30 13:38:00,15.0,0.0,15.0,2,PHONE
1627620960000,1627621020000,9,2021-07-30 13:56:00,2021-07-30 13:57:00,49.0,0.0,49.0,1,PHONE
1627622580000,1627622700000,9,2021-07-30 14:23:00,2021-07-30 14:25:00,40.0,0.0,40.0,2,PHONE
1627623780000,1627623840000,9,2021-07-30 14:43:00,2021-07-30 14:44:00,9.0,0.0,9.0,1,PHONE
1627623960000,1627624140000,9,2021-07-30 14:46:00,2021-07-30 14:49:00,71.0,0.0,71.0,3,PHONE
1627625100000,1627625400000,9,2021-07-30 15:05:00,2021-07-30 15:10:00,434.0,0.0,434.0,5,PHONE
1627627620000,1627628280000,9,2021-07-30 15:47:00,2021-07-30 15:58:00,753.0,0.0,753.0,11,PHONE
1627630080000,1627630200000,9,2021-07-30 16:28:00,2021-07-30 16:30:00,52.0,0.0,52.0,2,PHONE
1627630260000,1627630500000,9,2021-07-30 16:31:00,2021-07-30 16:35:00,47.0,0.0,47.0,4,PHONE
1627630680000,1627630800000,9,2021-07-30 16:38:00,2021-07-30 16:40:00,50.0,0.0,50.0,2,PHONE
1627633080000,1627633140000,9,2021-07-30 17:18:00,2021-07-30 17:19:00,7.0,0.0,7.0,1,PHONE
1627638960000,1627639080000,9,2021-07-30 18:56:00,2021-07-30 18:58:00,64.0,0.0,64.0,2,PHONE
1627639140000,1627639260000,9,2021-07-30 18:59:00,2021-07-30 19:01:00,110.0,0.0,110.0,2,PHONE
1627659240000,1627659300000,9,2021-07-31 00:34:00,2021-07-31 00:35:00,29.0,0.0,29.0,1,PHONE
1627659540000,1627659660000,9,2021-07-31 00:39:00,2021-07-31 00:41:00,34.0,0.0,34.0,2,PHONE
1627660560000,1627660620000,9,2021-07-31 00:56:00,2021-07-31 00:57:00,9.0,0.0,9.0,1,PHONE
1627703160000,1627703280000,9,2021-07-31 12:46:00,2021-07-31 12:48:00,22.0,0.0,22.0,2,PHONE
1627703340000,1627703400000,9,2021-07-31 12:49:00,2021-07-31 12:50:00,23.0,0.0,23.0,1,PHONE
1627703640000,1627703700000,9,2021-07-31 12:54:00,2021-07-31 12:55:00,14.0,0.0,14.0,1,PHONE
1627706100000,1627706160000,9,2021-07-31 13:35:00,2021-07-31 13:36:00,42.0,0.0,42.0,1,PHONE
1627706580000,1627706640000,9,2021-07-31 13:43:00,2021-07-31 13:44:00,18.0,0.0,18.0,1,PHONE
1627706760000,1627706880000,9,2021-07-31 13:46:00,2021-07-31 13:48:00,60.0,0.0,60.0,2,PHONE
1627716060000,1627716120000,9,2021-07-31 16:21:00,2021-07-31 16:22:00,21.0,0.0,21.0,1,PHONE
1627716300000,1627716900000,9,2021-07-31 16:25:00,2021-07-31 16:35:00,316.0,0.0,316.0,10,PHONE
1627717440000,1627717500000,9,2021-07-31 16:44:00,2021-07-31 16:45:00,34.0,0.0,34.0,1,PHONE
1627717800000,1627717860000,9,2021-07-31 16:50:00,2021-07-31 16:51:00,16.0,0.0,16.0,1,PHONE
1627718340000,1627718580000,9,2021-07-31 16:59:00,2021-07-31 17:03:00,188.0,0.0,188.0,4,PHONE
1627719240000,1627719300000,9,2021-07-31 17:14:00,2021-07-31 17:15:00,15.0,0.0,15.0,1,PHONE
1627719420000,1627719480000,9,2021-07-31 17:17:00,2021-07-31 17:18:00,6.0,0.0,6.0,1,PHONE
1627721100000,1627721220000,9,2021-07-31 17:45:00,2021-07-31 17:47:00,62.0,0.0,62.0,2,PHONE
1627721640000,1627721760000,9,2021-07-31 17:54:00,2021-07-31 17:56:00,41.0,0.0,41.0,2,PHONE
1627722060000,1627722840000,9,2021-07-31 18:01:00,2021-07-31 18:14:00,819.0,0.0,819.0,13,PHONE
1627724220000,1627724280000,9,2021-07-31 18:37:00,2021-07-31 18:38:00,13.0,0.0,13.0,1,PHONE
1627725960000,1627726080000,9,2021-07-31 19:06:00,2021-07-31 19:08:00,33.0,0.0,33.0,2,PHONE
1627727220000,1627727280000,9,2021-07-31 19:27:00,2021-07-31 19:28:00,24.0,0.0,24.0,1,PHONE
1627727400000,1627727940000,9,2021-07-31 19:30:00,2021-07-31 19:39:00,640.0,0.0,640.0,9,PHONE
1627728180000,1627728240000,9,2021-07-31 19:43:00,2021-07-31 19:44:00,9.0,0.0,9.0,1,PHONE
1627728420000,1627728480000,9,2021-07-31 19:47:00,2021-07-31 19:48:00,14.0,0.0,14.0,1,PHONE
1627729200000,1627734660000,9,2021-07-31 20:00:00,2021-07-31 21:31:00,9420.0,0.0,9420.0,91,PHONE
1627734780000,1627737540000,9,2021-07-31 21:33:00,2021-07-31 22:19:00,4934.0,0.0,4934.0,46,PHONE
1627737780000,1627737840000,9,2021-07-31 22:23:00,2021-07-31 22:24:00,8.0,0.0,8.0,1,PHONE
1627738380000,1627738980000,9,2021-07-31 22:33:00,2021-07-31 22:43:00,935.0,0.0,935.0,10,PHONE
1627739040000,1627739460000,9,2021-07-31 22:44:00,2021-07-31 22:51:00,565.0,0.0,565.0,7,PHONE
1627739880000,1627740000000,9,2021-07-31 22:58:00,2021-07-31 23:00:00,24.0,0.0,24.0,2,PHONE
1627740300000,1627740360000,9,2021-07-31 23:05:00,2021-07-31 23:06:00,6.0,0.0,6.0,1,PHONE
1627741140000,1627741800000,9,2021-07-31 23:19:00,2021-07-31 23:30:00,997.0,0.0,997.0,11,PHONE
1627743660000,1627743720000,9,2021-08-01 00:01:00,2021-08-01 00:02:00,9.0,0.0,9.0,1,PHONE
1627753020000,1627753140000,9,2021-08-01 02:37:00,2021-08-01 02:39:00,60.0,0.0,60.0,2,PHONE
1627786320000,1627786500000,9,2021-08-01 11:52:00,2021-08-01 11:55:00,64.0,0.0,64.0,3,PHONE
1627789020000,1627789080000,9,2021-08-01 12:37:00,2021-08-01 12:38:00,47.0,0.0,47.0,1,PHONE
1627789200000,1627789260000,9,2021-08-01 12:40:00,2021-08-01 12:41:00,10.0,0.0,10.0,1,PHONE
1627789620000,1627789680000,9,2021-08-01 12:47:00,2021-08-01 12:48:00,21.0,0.0,21.0,1,PHONE
1627790160000,1627790220000,9,2021-08-01 12:56:00,2021-08-01 12:57:00,23.0,0.0,23.0,1,PHONE
1627790280000,1627790400000,9,2021-08-01 12:58:00,2021-08-01 13:00:00,28.0,0.0,28.0,2,PHONE
1627791600000,1627791660000,9,2021-08-01 13:20:00,2021-08-01 13:21:00,7.0,0.0,7.0,1,PHONE
1627791840000,1627791960000,9,2021-08-01 13:24:00,2021-08-01 13:26:00,45.0,0.0,45.0,2,PHONE
1627792260000,1627792380000,9,2021-08-01 13:31:00,2021-08-01 13:33:00,26.0,0.0,26.0,2,PHONE
1627794420000,1627794480000,9,2021-08-01 14:07:00,2021-08-01 14:08:00,18.0,0.0,18.0,1,PHONE
1627795920000,1627795980000,9,2021-08-01 14:32:00,2021-08-01 14:33:00,6.0,0.0,6.0,1,PHONE
1627804200000,1627804320000,9,2021-08-01 16:50:00,2021-08-01 16:52:00,50.0,0.0,50.0,2,PHONE
1627804500000,1627804560000,9,2021-08-01 16:55:00,2021-08-01 16:56:00,12.0,0.0,12.0,1,PHONE
1627805400000,1627805460000,9,2021-08-01 17:10:00,2021-08-01 17:11:00,14.0,0.0,14.0,1,PHONE
1627805820000,1627806480000,9,2021-08-01 17:17:00,2021-08-01 17:28:00,488.0,0.0,488.0,11,PHONE
1627806540000,1627806840000,9,2021-08-01 17:29:00,2021-08-01 17:34:00,410.0,0.0,410.0,5,PHONE
1627807080000,1627807200000,9,2021-08-01 17:38:00,2021-08-01 17:40:00,48.0,0.0,48.0,2,PHONE
1627807920000,1627807980000,9,2021-08-01 17:52:00,2021-08-01 17:53:00,25.0,0.0,25.0,1,PHONE
1627808700000,1627808820000,9,2021-08-01 18:05:00,2021-08-01 18:07:00,38.0,0.0,38.0,2,PHONE
1627809420000,1627809540000,9,2021-08-01 18:17:00,2021-08-01 18:19:00,72.0,0.0,72.0,2,PHONE
1627809900000,1627809960000,9,2021-08-01 18:25:00,2021-08-01 18:26:00,31.0,0.0,31.0,1,PHONE
1627810200000,1627810260000,9,2021-08-01 18:30:00,2021-08-01 18:31:00,42.0,0.0,42.0,1,PHONE
1627810320000,1627810920000,9,2021-08-01 18:32:00,2021-08-01 18:42:00,761.0,0.0,761.0,10,PHONE
1627813440000,1627813500000,9,2021-08-01 19:24:00,2021-08-01 19:25:00,18.0,0.0,18.0,1,PHONE
1627813920000,1627814400000,9,2021-08-01 19:32:00,2021-08-01 19:40:00,577.0,0.0,577.0,8,PHONE
1627815600000,1627816080000,9,2021-08-01 20:00:00,2021-08-01 20:08:00,645.0,0.0,645.0,8,PHONE
1627816200000,1627816260000,9,2021-08-01 20:10:00,2021-08-01 20:11:00,13.0,0.0,13.0,1,PHONE
1627817160000,1627818900000,9,2021-08-01 20:26:00,2021-08-01 20:55:00,2728.0,0.0,2728.0,29,PHONE
1627818960000,1627823280000,9,2021-08-01 20:56:00,2021-08-01 22:08:00,7339.0,0.0,7339.0,72,PHONE
1627823460000,1627823580000,9,2021-08-01 22:11:00,2021-08-01 22:13:00,21.0,0.0,21.0,2,PHONE
1627824240000,1627825380000,9,2021-08-01 22:24:00,2021-08-01 22:43:00,1574.0,0.0,1574.0,19,PHONE
1627825500000,1627825560000,9,2021-08-01 22:45:00,2021-08-01 22:46:00,8.0,0.0,8.0,1,PHONE
1627827480000,1627828140000,9,2021-08-01 23:18:00,2021-08-01 23:29:00,845.0,0.0,845.0,11,PHONE
1627829640000,1627829700000,9,2021-08-01 23:54:00,2021-08-01 23:55:00,10.0,0.0,10.0,1,PHONE
1627830060000,1627830180000,9,2021-08-02 00:01:00,2021-08-02 00:03:00,25.0,0.0,25.0,2,PHONE
1627835220000,1627835280000,9,2021-08-02 01:27:00,2021-08-02 01:28:00,7.0,0.0,7.0,1,PHONE
1627836960000,1627837020000,9,2021-08-02 01:56:00,2021-08-02 01:57:00,7.0,0.0,7.0,1,PHONE
1627837620000,1627837680000,9,2021-08-02 02:07:00,2021-08-02 02:08:00,18.0,0.0,18.0,1,PHONE
1627837920000,1627837980000,9,2021-08-02 02:12:00,2021-08-02 02:13:00,8.0,0.0,8.0,1,PHONE
1627838340000,1627838460000,9,2021-08-02 02:19:00,2021-08-02 02:21:00,37.0,0.0,37.0,2,PHONE
1627838640000,1627838700000,9,2021-08-02 02:24:00,2021-08-02 02:25:00,12.0,0.0,12.0,1,PHONE
1627839120000,1627839180000,9,2021-08-02 02:32:00,2021-08-02 02:33:00,35.0,0.0,35.0,1,PHONE
1627844040000,1627844100000,9,2021-08-02 03:54:00,2021-08-02 03:55:00,10.0,0.0,10.0,1,PHONE
1627877220000,1627877340000,9,2021-08-02 13:07:00,2021-08-02 13:09:00,20.0,0.0,20.0,2,PHONE
1627877520000,1627877580000,9,2021-08-02 13:12:00,2021-08-02 13:13:00,8.0,0.0,8.0,1,PHONE
1627878780000,1627878840000,9,2021-08-02 13:33:00,2021-08-02 13:34:00,12.0,0.0,12.0,1,PHONE
1627880520000,1627880580000,9,2021-08-02 14:02:00,2021-08-02 14:03:00,13.0,0.0,13.0,1,PHONE
1627881540000,1627881600000,9,2021-08-02 14:19:00,2021-08-02 14:20:00,23.0,0.0,23.0,1,PHONE
1627881720000,1627881840000,9,2021-08-02 14:22:00,2021-08-02 14:24:00,19.0,0.0,19.0,2,PHONE
1627881900000,1627882140000,9,2021-08-02 14:25:00,2021-08-02 14:29:00,39.0,0.0,39.0,4,PHONE
1627883340000,1627883400000,9,2021-08-02 14:49:00,2021-08-02 14:50:00,21.0,0.0,21.0,1,PHONE
1627883460000,1627883520000,9,2021-08-02 14:51:00,2021-08-02 14:52:00,45.0,0.0,45.0,1,PHONE
1627886760000,1627886820000,9,2021-08-02 15:46:00,2021-08-02 15:47:00,7.0,0.0,7.0,1,PHONE
1627886940000,1627887000000,9,2021-08-02 15:49:00,2021-08-02 15:50:00,55.0,0.0,55.0,1,PHONE
1627892280000,1627892340000,9,2021-08-02 17:18:00,2021-08-02 17:19:00,26.0,0.0,26.0,1,PHONE
1627895100000,1627895160000,9,2021-08-02 18:05:00,2021-08-02 18:06:00,6.0,0.0,6.0,1,PHONE
1627895340000,1627895400000,9,2021-08-02 18:09:00,2021-08-02 18:10:00,16.0,0.0,16.0,1,PHONE
1627895700000,1627895760000,9,2021-08-02 18:15:00,2021-08-02 18:16:00,20.0,0.0,20.0,1,PHONE
1627896660000,1627897200000,9,2021-08-02 18:31:00,2021-08-02 18:40:00,748.0,0.0,748.0,9,PHONE
1627897260000,1627897320000,9,2021-08-02 18:41:00,2021-08-02 18:42:00,53.0,0.0,53.0,1,PHONE
1627898640000,1627898700000,9,2021-08-02 19:04:00,2021-08-02 19:05:00,7.0,0.0,7.0,1,PHONE
1627898880000,1627899000000,9,2021-08-02 19:08:00,2021-08-02 19:10:00,58.0,0.0,58.0,2,PHONE
1627899480000,1627899540000,9,2021-08-02 19:18:00,2021-08-02 19:19:00,59.0,0.0,59.0,1,PHONE
1627900020000,1627900200000,9,2021-08-02 19:27:00,2021-08-02 19:30:00,90.0,0.0,90.0,3,PHONE
1627900620000,1627900680000,9,2021-08-02 19:37:00,2021-08-02 19:38:00,61.0,0.0,61.0,1,PHONE
1627901040000,1627901160000,9,2021-08-02 19:44:00,2021-08-02 19:46:00,56.0,0.0,56.0,2,PHONE
1627901220000,1627901820000,9,2021-08-02 19:47:00,2021-08-02 19:57:00,763.0,0.0,763.0,10,PHONE
1627902360000,1627902420000,9,2021-08-02 20:06:00,2021-08-02 20:07:00,14.0,0.0,14.0,1,PHONE
1627903020000,1627903140000,9,2021-08-02 20:17:00,2021-08-02 20:19:00,37.0,0.0,37.0,2,PHONE
1627903200000,1627903320000,9,2021-08-02 20:20:00,2021-08-02 20:22:00,42.0,0.0,42.0,2,PHONE
1627904280000,1627904340000,9,2021-08-02 20:38:00,2021-08-02 20:39:00,6.0,0.0,6.0,1,PHONE
1627905660000,1627905720000,9,2021-08-02 21:01:00,2021-08-02 21:02:00,8.0,0.0,8.0,1,PHONE
1627911000000,1627911060000,9,2021-08-02 22:30:00,2021-08-02 22:31:00,15.0,0.0,15.0,1,PHONE
1627911420000,1627911540000,9,2021-08-02 22:37:00,2021-08-02 22:39:00,26.0,0.0,26.0,2,PHONE
1627915260000,1627915320000,9,2021-08-02 23:41:00,2021-08-02 23:42:00,16.0,0.0,16.0,1,PHONE
1627949160000,1627949220000,9,2021-08-03 09:06:00,2021-08-03 09:07:00,14.0,0.0,14.0,1,PHONE
1627954920000,1627955040000,9,2021-08-03 10:42:00,2021-08-03 10:44:00,115.0,0.0,115.0,2,PHONE
1627955220000,1627955340000,9,2021-08-03 10:47:00,2021-08-03 10:49:00,14.0,0.0,14.0,2,PHONE
1627956540000,1627956600000,9,2021-08-03 11:09:00,2021-08-03 11:10:00,13.0,0.0,13.0,1,PHONE
1627956960000,1627957020000,9,2021-08-03 11:16:00,2021-08-03 11:17:00,12.0,0.0,12.0,1,PHONE
1627957680000,1627958280000,9,2021-08-03 11:28:00,2021-08-03 11:38:00,791.0,0.0,791.0,10,PHONE
1627959480000,1627960080000,9,2021-08-03 11:58:00,2021-08-03 12:08:00,438.0,0.0,438.0,10,PHONE
1627960560000,1627961820000,9,2021-08-03 12:16:00,2021-08-03 12:37:00,2118.0,0.0,2118.0,21,PHONE
1627962120000,1627964040000,9,2021-08-03 12:42:00,2021-08-03 13:14:00,2796.0,0.0,2796.0,32,PHONE
1627964700000,1627965300000,9,2021-08-03 13:25:00,2021-08-03 13:35:00,900.0,0.0,900.0,10,PHONE
1627965360000,1627965600000,9,2021-08-03 13:36:00,2021-08-03 13:40:00,159.0,0.0,159.0,4,PHONE
1627969020000,1627969080000,9,2021-08-03 14:37:00,2021-08-03 14:38:00,11.0,0.0,11.0,1,PHONE
1627969140000,1627969860000,9,2021-08-03 14:39:00,2021-08-03 14:51:00,1180.0,0.0,1180.0,12,PHONE
1627969920000,1627970640000,9,2021-08-03 14:52:00,2021-08-03 15:04:00,681.0,0.0,681.0,12,PHONE
1627971180000,1627971300000,9,2021-08-03 15:13:00,2021-08-03 15:15:00,55.0,0.0,55.0,2,PHONE
1627971480000,1627971600000,9,2021-08-03 15:18:00,2021-08-03 15:20:00,98.0,0.0,98.0,2,PHONE
1627971660000,1627971840000,9,2021-08-03 15:21:00,2021-08-03 15:24:00,242.0,0.0,242.0,3,PHONE
1627971900000,1627972140000,9,2021-08-03 15:25:00,2021-08-03 15:29:00,102.0,0.0,102.0,4,PHONE
1627972440000,1627972560000,9,2021-08-03 15:34:00,2021-08-03 15:36:00,58.0,0.0,58.0,2,PHONE
1627972740000,1627972920000,9,2021-08-03 15:39:00,2021-08-03 15:42:00,72.0,0.0,72.0,3,PHONE
1627972980000,1627973040000,9,2021-08-03 15:43:00,2021-08-03 15:44:00,61.0,0.0,61.0,1,PHONE
1627973100000,1627973280000,9,2021-08-03 15:45:00,2021-08-03 15:48:00,48.0,0.0,48.0,3,PHONE
1627973340000,1627973400000,9,2021-08-03 15:49:00,2021-08-03 15:50:00,8.0,0.0,8.0,1,PHONE
1627973460000,1627973580000,9,2021-08-03 15:51:00,2021-08-03 15:53:00,37.0,0.0,37.0,2,PHONE
1627973880000,1627974120000,9,2021-08-03 15:58:00,2021-08-03 16:02:00,146.0,0.0,146.0,4,PHONE
1627974180000,1627974600000,9,2021-08-03 16:03:00,2021-08-03 16:10:00,184.0,0.0,184.0,7,PHONE
1627974660000,1627974960000,9,2021-08-03 16:11:00,2021-08-03 16:16:00,295.0,0.0,295.0,5,PHONE
1627975080000,1627975200000,9,2021-08-03 16:18:00,2021-08-03 16:20:00,33.0,0.0,33.0,2,PHONE
1627975260000,1627975680000,9,2021-08-03 16:21:00,2021-08-03 16:28:00,485.0,0.0,485.0,7,PHONE
1627975860000,1627976280000,9,2021-08-03 16:31:00,2021-08-03 16:38:00,420.0,0.0,420.0,7,PHONE
1627976760000,1627977960000,9,2021-08-03 16:46:00,2021-08-03 17:06:00,1610.0,0.0,1610.0,20,PHONE
1627978260000,1627978320000,9,2021-08-03 17:11:00,2021-08-03 17:12:00,19.0,0.0,19.0,1,PHONE
1627978740000,1627978800000,9,2021-08-03 17:19:00,2021-08-03 17:20:00,22.0,0.0,22.0,1,PHONE
1627978980000,1627979040000,9,2021-08-03 17:23:00,2021-08-03 17:24:00,7.0,0.0,7.0,1,PHONE
1627980000000,1627980180000,9,2021-08-03 17:40:00,2021-08-03 17:43:00,221.0,0.0,221.0,3,PHONE
1627980240000,1627980600000,9,2021-08-03 17:44:00,2021-08-03 17:50:00,524.0,0.0,524.0,6,PHONE
1627981440000,1627981500000,9,2021-08-03 18:04:00,2021-08-03 18:05:00,6.0,0.0,6.0,1,PHONE
1627982160000,1627982220000,9,2021-08-03 18:16:00,2021-08-03 18:17:00,6.0,0.0,6.0,1,PHONE
1627984680000,1627984800000,9,2021-08-03 18:58:00,2021-08-03 19:00:00,16.0,0.0,16.0,2,PHONE
1627990500000,1627990620000,9,2021-08-03 20:35:00,2021-08-03 20:37:00,42.0,0.0,42.0,2,PHONE
1627990680000,1627991280000,9,2021-08-03 20:38:00,2021-08-03 20:48:00,750.0,0.0,750.0,10,PHONE
1627992480000,1627992540000,9,2021-08-03 21:08:00,2021-08-03 21:09:00,16.0,0.0,16.0,1,PHONE
1627993320000,1627993380000,9,2021-08-03 21:22:00,2021-08-03 21:23:00,19.0,0.0,19.0,1,PHONE
1627993680000,1627993800000,9,2021-08-03 21:28:00,2021-08-03 21:30:00,7.0,0.0,7.0,2,PHONE
1627993980000,1627994100000,9,2021-08-03 21:33:00,2021-08-03 21:35:00,38.0,0.0,38.0,2,PHONE
1627994160000,1627994280000,9,2021-08-03 21:36:00,2021-08-03 21:38:00,35.0,0.0,35.0,2,PHONE
1627994340000,1627994820000,9,2021-08-03 21:39:00,2021-08-03 21:47:00,606.0,0.0,606.0,8,PHONE
1627994880000,1627994940000,9,2021-08-03 21:48:00,2021-08-03 21:49:00,6.0,0.0,6.0,1,PHONE
1627996440000,1627996500000,9,2021-08-03 22:14:00,2021-08-03 22:15:00,6.0,0.0,6.0,1,PHONE
1627997040000,1627997100000,9,2021-08-03 22:24:00,2021-08-03 22:25:00,7.0,0.0,7.0,1,PHONE
1628015160000,1628015220000,9,2021-08-04 03:26:00,2021-08-04 03:27:00,14.0,0.0,14.0,1,PHONE
1628016180000,1628016240000,9,2021-08-04 03:43:00,2021-08-04 03:44:00,6.0,0.0,6.0,1,PHONE
1628049540000,1628049600000,9,2021-08-04 12:59:00,2021-08-04 13:00:00,9.0,0.0,9.0,1,PHONE
1628050140000,1628050200000,9,2021-08-04 13:09:00,2021-08-04 13:10:00,12.0,0.0,12.0,1,PHONE
1628050260000,1628050380000,9,2021-08-04 13:11:00,2021-08-04 13:13:00,44.0,0.0,44.0,2,PHONE
1628051880000,1628051940000,9,2021-08-04 13:38:00,2021-08-04 13:39:00,18.0,0.0,18.0,1,PHONE
1628052480000,1628052540000,9,2021-08-04 13:48:00,2021-08-04 13:49:00,24.0,0.0,24.0,1,PHONE
1628052840000,1628052900000,9,2021-08-04 13:54:00,2021-08-04 13:55:00,12.0,0.0,12.0,1,PHONE
1628053320000,1628053380000,9,2021-08-04 14:02:00,2021-08-04 14:03:00,15.0,0.0,15.0,1,PHONE
1628055900000,1628055960000,9,2021-08-04 14:45:00,2021-08-04 14:46:00,8.0,0.0,8.0,1,PHONE
1628061060000,1628061120000,9,2021-08-04 16:11:00,2021-08-04 16:12:00,22.0,0.0,22.0,1,PHONE
1628061360000,1628061420000,9,2021-08-04 16:16:00,2021-08-04 16:17:00,20.0,0.0,20.0,1,PHONE
1628070060000,1628070120000,9,2021-08-04 18:41:00,2021-08-04 18:42:00,21.0,0.0,21.0,1,PHONE
1628070180000,1628070660000,9,2021-08-04 18:43:00,2021-08-04 18:51:00,639.0,0.0,639.0,8,PHONE
1628071200000,1628071260000,9,2021-08-04 19:00:00,2021-08-04 19:01:00,71.0,0.0,71.0,1,PHONE
1628071920000,1628071980000,9,2021-08-04 19:12:00,2021-08-04 19:13:00,39.0,0.0,39.0,1,PHONE
1628072400000,1628072520000,9,2021-08-04 19:20:00,2021-08-04 19:22:00,98.0,0.0,98.0,2,PHONE
1628072940000,1628073000000,9,2021-08-04 19:29:00,2021-08-04 19:30:00,71.0,0.0,71.0,1,PHONE
1628073300000,1628073420000,9,2021-08-04 19:35:00,2021-08-04 19:37:00,65.0,0.0,65.0,2,PHONE
1628073720000,1628074260000,9,2021-08-04 19:42:00,2021-08-04 19:51:00,673.0,0.0,673.0,9,PHONE
1628075220000,1628075340000,9,2021-08-04 20:07:00,2021-08-04 20:09:00,50.0,0.0,50.0,2,PHONE
1628076360000,1628076960000,9,2021-08-04 20:26:00,2021-08-04 20:36:00,782.0,0.0,782.0,10,PHONE
1628078760000,1628080560000,9,2021-08-04 21:06:00,2021-08-04 21:36:00,2893.0,0.0,2893.0,30,PHONE
1628080620000,1628082960000,9,2021-08-04 21:37:00,2021-08-04 22:16:00,3687.0,0.0,3687.0,39,PHONE
1628083080000,1628084220000,9,2021-08-04 22:18:00,2021-08-04 22:37:00,2015.0,0.0,2015.0,19,PHONE
1628084280000,1628084340000,9,2021-08-04 22:38:00,2021-08-04 22:39:00,7.0,0.0,7.0,1,PHONE
1628084580000,1628085000000,9,2021-08-04 22:43:00,2021-08-04 22:50:00,549.0,0.0,549.0,7,PHONE
1628085120000,1628085180000,9,2021-08-04 22:52:00,2021-08-04 22:53:00,14.0,0.0,14.0,1,PHONE
1628086140000,1628086260000,9,2021-08-04 23:09:00,2021-08-04 23:11:00,33.0,0.0,33.0,2,PHONE
1628086320000,1628086380000,9,2021-08-04 23:12:00,2021-08-04 23:13:00,15.0,0.0,15.0,1,PHONE
1628087220000,1628087700000,9,2021-08-04 23:27:00,2021-08-04 23:35:00,762.0,0.0,762.0,8,PHONE
1628089440000,1628089560000,9,2021-08-05 00:04:00,2021-08-05 00:06:00,43.0,0.0,43.0,2,PHONE
1628089740000,1628089920000,9,2021-08-05 00:09:00,2021-08-05 00:12:00,53.0,0.0,53.0,3,PHONE
1628130840000,1628130900000,9,2021-08-05 11:34:00,2021-08-05 11:35:00,15.0,0.0,15.0,1,PHONE
1628131020000,1628131080000,9,2021-08-05 11:37:00,2021-08-05 11:38:00,25.0,0.0,25.0,1,PHONE
1628131800000,1628131860000,9,2021-08-05 11:50:00,2021-08-05 11:51:00,19.0,0.0,19.0,1,PHONE
1628133060000,1628133120000,9,2021-08-05 12:11:00,2021-08-05 12:12:00,32.0,0.0,32.0,1,PHONE
1628133480000,1628133600000,9,2021-08-05 12:18:00,2021-08-05 12:20:00,35.0,0.0,35.0,2,PHONE
1628135760000,1628135820000,9,2021-08-05 12:56:00,2021-08-05 12:57:00,16.0,0.0,16.0,1,PHONE
1628135880000,1628135940000,9,2021-08-05 12:58:00,2021-08-05 12:59:00,15.0,0.0,15.0,1,PHONE
1628137260000,1628137320000,9,2021-08-05 13:21:00,2021-08-05 13:22:00,14.0,0.0,14.0,1,PHONE
1628138280000,1628138340000,9,2021-08-05 13:38:00,2021-08-05 13:39:00,15.0,0.0,15.0,1,PHONE
1628138700000,1628138760000,9,2021-08-05 13:45:00,2021-08-05 13:46:00,12.0,0.0,12.0,1,PHONE
1628146800000,1628146860000,9,2021-08-05 16:00:00,2021-08-05 16:01:00,7.0,0.0,7.0,1,PHONE
1628146920000,1628147640000,9,2021-08-05 16:02:00,2021-08-05 16:14:00,751.0,0.0,751.0,12,PHONE
1628149140000,1628149500000,9,2021-08-05 16:39:00,2021-08-05 16:45:00,431.0,0.0,431.0,6,PHONE
1628149560000,1628149620000,9,2021-08-05 16:46:00,2021-08-05 16:47:00,32.0,0.0,32.0,1,PHONE
1628150280000,1628150400000,9,2021-08-05 16:58:00,2021-08-05 17:00:00,143.0,0.0,143.0,2,PHONE
1628152920000,1628154000000,9,2021-08-05 17:42:00,2021-08-05 18:00:00,1687.0,0.0,1687.0,18,PHONE
1628157420000,1628157540000,9,2021-08-05 18:57:00,2021-08-05 18:59:00,28.0,0.0,28.0,2,PHONE
1628157660000,1628158200000,9,2021-08-05 19:01:00,2021-08-05 19:10:00,625.0,0.0,625.0,9,PHONE
1628162520000,1628162580000,9,2021-08-05 20:22:00,2021-08-05 20:23:00,20.0,0.0,20.0,1,PHONE
1628165160000,1628165640000,9,2021-08-05 21:06:00,2021-08-05 21:14:00,737.0,0.0,737.0,8,PHONE
1628165940000,1628166060000,9,2021-08-05 21:19:00,2021-08-05 21:21:00,48.0,0.0,48.0,2,PHONE
1628166180000,1628166420000,9,2021-08-05 21:23:00,2021-08-05 21:27:00,271.0,0.0,271.0,4,PHONE
1628167200000,1628167260000,9,2021-08-05 21:40:00,2021-08-05 21:41:00,24.0,0.0,24.0,1,PHONE
1628167380000,1628167440000,9,2021-08-05 21:43:00,2021-08-05 21:44:00,7.0,0.0,7.0,1,PHONE
1628167800000,1628167860000,9,2021-08-05 21:50:00,2021-08-05 21:51:00,6.0,0.0,6.0,1,PHONE
1628168220000,1628168880000,9,2021-08-05 21:57:00,2021-08-05 22:08:00,728.0,0.0,728.0,11,PHONE
1628168940000,1628169000000,9,2021-08-05 22:09:00,2021-08-05 22:10:00,8.0,0.0,8.0,1,PHONE
1628169300000,1628169360000,9,2021-08-05 22:15:00,2021-08-05 22:16:00,37.0,0.0,37.0,1,PHONE
1628170740000,1628170800000,9,2021-08-05 22:39:00,2021-08-05 22:40:00,26.0,0.0,26.0,1,PHONE
1628171040000,1628171100000,9,2021-08-05 22:44:00,2021-08-05 22:45:00,6.0,0.0,6.0,1,PHONE
1628172900000,1628172960000,9,2021-08-05 23:15:00,2021-08-05 23:16:00,7.0,0.0,7.0,1,PHONE
1628219280000,1628219340000,9,2021-08-06 12:08:00,2021-08-06 12:09:00,24.0,0.0,24.0,1,PHONE
1628223000000,1628223060000,9,2021-08-06 13:10:00,2021-08-06 13:11:00,37.0,0.0,37.0,1,PHONE
1628223120000,1628223180000,9,2021-08-06 13:12:00,2021-08-06 13:13:00,14.0,0.0,14.0,1,PHONE
1628223360000,1628223420000,9,2021-08-06 13:16:00,2021-08-06 13:17:00,25.0,0.0,25.0,1,PHONE
1628223540000,1628223600000,9,2021-08-06 13:19:00,2021-08-06 13:20:00,16.0,0.0,16.0,1,PHONE
1628224440000,1628224560000,9,2021-08-06 13:34:00,2021-08-06 13:36:00,22.0,0.0,22.0,2,PHONE
1628225160000,1628225220000,9,2021-08-06 13:46:00,2021-08-06 13:47:00,13.0,0.0,13.0,1,PHONE
1628227380000,1628227440000,9,2021-08-06 14:23:00,2021-08-06 14:24:00,24.0,0.0,24.0,1,PHONE
1628228940000,1628229000000,9,2021-08-06 14:49:00,2021-08-06 14:50:00,6.0,0.0,6.0,1,PHONE
1628230800000,1628230860000,9,2021-08-06 15:20:00,2021-08-06 15:21:00,18.0,0.0,18.0,1,PHONE
1628231400000,1628231460000,9,2021-08-06 15:30:00,2021-08-06 15:31:00,40.0,0.0,40.0,1,PHONE
1628232960000,1628233020000,9,2021-08-06 15:56:00,2021-08-06 15:57:00,14.0,0.0,14.0,1,PHONE
1628233620000,1628233680000,9,2021-08-06 16:07:00,2021-08-06 16:08:00,6.0,0.0,6.0,1,PHONE
1628235000000,1628235060000,9,2021-08-06 16:30:00,2021-08-06 16:31:00,30.0,0.0,30.0,1,PHONE
1628237940000,1628238000000,9,2021-08-06 17:19:00,2021-08-06 17:20:00,15.0,0.0,15.0,1,PHONE
1628239020000,1628239200000,9,2021-08-06 17:37:00,2021-08-06 17:40:00,53.0,0.0,53.0,3,PHONE
1628239560000,1628239860000,9,2021-08-06 17:46:00,2021-08-06 17:51:00,156.0,0.0,156.0,5,PHONE
1628241540000,1628241600000,9,2021-08-06 18:19:00,2021-08-06 18:20:00,27.0,0.0,27.0,1,PHONE
1628242200000,1628242320000,9,2021-08-06 18:30:00,2021-08-06 18:32:00,70.0,0.0,70.0,2,PHONE
1628243040000,1628243100000,9,2021-08-06 18:44:00,2021-08-06 18:45:00,15.0,0.0,15.0,1,PHONE
1628243400000,1628243520000,9,2021-08-06 18:50:00,2021-08-06 18:52:00,41.0,0.0,41.0,2,PHONE
1628243940000,1628244000000,9,2021-08-06 18:59:00,2021-08-06 19:00:00,41.0,0.0,41.0,1,PHONE
1628244360000,1628244420000,9,2021-08-06 19:06:00,2021-08-06 19:07:00,38.0,0.0,38.0,1,PHONE
1628244660000,1628245440000,9,2021-08-06 19:11:00,2021-08-06 19:24:00,736.0,0.0,736.0,13,PHONE
1628245800000,1628245860000,9,2021-08-06 19:30:00,2021-08-06 19:31:00,8.0,0.0,8.0,1,PHONE
1628246940000,1628247060000,9,2021-08-06 19:49:00,2021-08-06 19:51:00,20.0,0.0,20.0,2,PHONE
1628249160000,1628249220000,9,2021-08-06 20:26:00,2021-08-06 20:27:00,7.0,0.0,7.0,1,PHONE
1628253180000,1628253240000,9,2021-08-06 21:33:00,2021-08-06 21:34:00,6.0,0.0,6.0,1,PHONE
1628256600000,1628256660000,9,2021-08-06 22:30:00,2021-08-06 22:31:00,10.0,0.0,10.0,1,PHONE
1628264100000,1628264160000,9,2021-08-07 00:35:00,2021-08-07 00:36:00,6.0,0.0,6.0,1,PHONE
1628311500000,1628311560000,9,2021-08-07 13:45:00,2021-08-07 13:46:00,18.0,0.0,18.0,1,PHONE
1628313000000,1628313060000,9,2021-08-07 14:10:00,2021-08-07 14:11:00,15.0,0.0,15.0,1,PHONE
1628316180000,1628316240000,9,2021-08-07 15:03:00,2021-08-07 15:04:00,25.0,0.0,25.0,1,PHONE
1628316660000,1628316780000,9,2021-08-07 15:11:00,2021-08-07 15:13:00,65.0,0.0,65.0,2,PHONE
1628319180000,1628319240000,9,2021-08-07 15:53:00,2021-08-07 15:54:00,29.0,0.0,29.0,1,PHONE
1628319480000,1628319540000,9,2021-08-07 15:58:00,2021-08-07 15:59:00,24.0,0.0,24.0,1,PHONE
1628325840000,1628326440000,9,2021-08-07 17:44:00,2021-08-07 17:54:00,753.0,0.0,753.0,10,PHONE
1628326800000,1628326860000,9,2021-08-07 18:00:00,2021-08-07 18:01:00,42.0,0.0,42.0,1,PHONE
1628327640000,1628327760000,9,2021-08-07 18:14:00,2021-08-07 18:16:00,36.0,0.0,36.0,2,PHONE
1628328240000,1628328360000,9,2021-08-07 18:24:00,2021-08-07 18:26:00,83.0,0.0,83.0,2,PHONE
1628328780000,1628328900000,9,2021-08-07 18:33:00,2021-08-07 18:35:00,67.0,0.0,67.0,2,PHONE
1628329320000,1628329500000,9,2021-08-07 18:42:00,2021-08-07 18:45:00,100.0,0.0,100.0,3,PHONE
1628329980000,1628330040000,9,2021-08-07 18:53:00,2021-08-07 18:54:00,22.0,0.0,22.0,1,PHONE
1628330400000,1628330460000,9,2021-08-07 19:00:00,2021-08-07 19:01:00,18.0,0.0,18.0,1,PHONE
1628330760000,1628331480000,9,2021-08-07 19:06:00,2021-08-07 19:18:00,944.0,0.0,944.0,12,PHONE
1628333280000,1628333400000,9,2021-08-07 19:48:00,2021-08-07 19:50:00,45.0,0.0,45.0,2,PHONE
1628335560000,1628335620000,9,2021-08-07 20:26:00,2021-08-07 20:27:00,6.0,0.0,6.0,1,PHONE
1628335680000,1628335800000,9,2021-08-07 20:28:00,2021-08-07 20:30:00,33.0,0.0,33.0,2,PHONE
1628336880000,1628336940000,9,2021-08-07 20:48:00,2021-08-07 20:49:00,26.0,0.0,26.0,1,PHONE
1628337240000,1628337300000,9,2021-08-07 20:54:00,2021-08-07 20:55:00,7.0,0.0,7.0,1,PHONE
1628337480000,1628337600000,9,2021-08-07 20:58:00,2021-08-07 21:00:00,56.0,0.0,56.0,2,PHONE
1628340960000,1628341020000,9,2021-08-07 21:56:00,2021-08-07 21:57:00,23.0,0.0,23.0,1,PHONE
1628350680000,1628350800000,9,2021-08-08 00:38:00,2021-08-08 00:40:00,33.0,0.0,33.0,2,PHONE
1628361180000,1628361240000,9,2021-08-08 03:33:00,2021-08-08 03:34:00,24.0,0.0,24.0,1,PHONE
1628377380000,1628377440000,9,2021-08-08 08:03:00,2021-08-08 08:04:00,26.0,0.0,26.0,1,PHONE
1628377980000,1628378040000,9,2021-08-08 08:13:00,2021-08-08 08:14:00,35.0,0.0,35.0,1,PHONE
1628378280000,1628378340000,9,2021-08-08 08:18:00,2021-08-08 08:19:00,20.0,0.0,20.0,1,PHONE
1628378700000,1628378940000,9,2021-08-08 08:25:00,2021-08-08 08:29:00,68.0,0.0,68.0,4,PHONE
1628379000000,1628379060000,9,2021-08-08 08:30:00,2021-08-08 08:31:00,18.0,0.0,18.0,1,PHONE
1628379120000,1628379180000,9,2021-08-08 08:32:00,2021-08-08 08:33:00,16.0,0.0,16.0,1,PHONE
1628379300000,1628379480000,9,2021-08-08 08:35:00,2021-08-08 08:38:00,71.0,0.0,71.0,3,PHONE
1628380080000,1628380500000,9,2021-08-08 08:48:00,2021-08-08 08:55:00,382.0,0.0,382.0,7,PHONE
1628392800000,1628393460000,9,2021-08-08 12:20:00,2021-08-08 12:31:00,910.0,0.0,910.0,11,PHONE
1628393760000,1628393820000,9,2021-08-08 12:36:00,2021-08-08 12:37:00,18.0,0.0,18.0,1,PHONE
1628394120000,1628394480000,9,2021-08-08 12:42:00,2021-08-08 12:48:00,246.0,0.0,246.0,6,PHONE
1628395020000,1628395440000,9,2021-08-08 12:57:00,2021-08-08 13:04:00,465.0,0.0,465.0,7,PHONE
1628395500000,1628395680000,9,2021-08-08 13:05:00,2021-08-08 13:08:00,124.0,0.0,124.0,3,PHONE
1628397180000,1628398380000,9,2021-08-08 13:33:00,2021-08-08 13:53:00,1837.0,0.0,1837.0,20,PHONE
1628398440000,1628398500000,9,2021-08-08 13:54:00,2021-08-08 13:55:00,15.0,0.0,15.0,1,PHONE
1628401440000,1628401620000,9,2021-08-08 14:44:00,2021-08-08 14:47:00,47.0,0.0,47.0,3,PHONE
1628401680000,1628401800000,9,2021-08-08 14:48:00,2021-08-08 14:50:00,153.0,0.0,153.0,2,PHONE
1628401860000,1628402040000,9,2021-08-08 14:51:00,2021-08-08 14:54:00,255.0,0.0,255.0,3,PHONE
1628402100000,1628402220000,9,2021-08-08 14:55:00,2021-08-08 14:57:00,43.0,0.0,43.0,2,PHONE
1628402880000,1628403000000,9,2021-08-08 15:08:00,2021-08-08 15:10:00,18.0,0.0,18.0,2,PHONE
1628403480000,1628403540000,9,2021-08-08 15:18:00,2021-08-08 15:19:00,7.0,0.0,7.0,1,PHONE
1628404680000,1628404740000,9,2021-08-08 15:38:00,2021-08-08 15:39:00,7.0,0.0,7.0,1,PHONE
1628405340000,1628405460000,9,2021-08-08 15:49:00,2021-08-08 15:51:00,87.0,0.0,87.0,2,PHONE
1628405580000,1628405640000,9,2021-08-08 15:53:00,2021-08-08 15:54:00,6.0,0.0,6.0,1,PHONE
1628405700000,1628407020000,9,2021-08-08 15:55:00,2021-08-08 16:17:00,1909.0,0.0,1909.0,22,PHONE
1628407200000,1628407380000,9,2021-08-08 16:20:00,2021-08-08 16:23:00,150.0,0.0,150.0,3,PHONE
1628407680000,1628407740000,9,2021-08-08 16:28:00,2021-08-08 16:29:00,39.0,0.0,39.0,1,PHONE
1628407920000,1628408640000,9,2021-08-08 16:32:00,2021-08-08 16:44:00,517.0,0.0,517.0,12,PHONE
1628408700000,1628408880000,9,2021-08-08 16:45:00,2021-08-08 16:48:00,152.0,0.0,152.0,3,PHONE
1628409000000,1628409060000,9,2021-08-08 16:50:00,2021-08-08 16:51:00,60.0,0.0,60.0,1,PHONE
1628409180000,1628409780000,9,2021-08-08 16:53:00,2021-08-08 17:03:00,666.0,0.0,666.0,10,PHONE
1628414100000,1628414220000,9,2021-08-08 18:15:00,2021-08-08 18:17:00,22.0,0.0,22.0,2,PHONE
1628414280000,1628414820000,9,2021-08-08 18:18:00,2021-08-08 18:27:00,653.0,0.0,653.0,9,PHONE
1628414880000,1628417160000,9,2021-08-08 18:28:00,2021-08-08 19:06:00,3938.0,0.0,3938.0,38,PHONE
1628417640000,1628417880000,9,2021-08-08 19:14:00,2021-08-08 19:18:00,388.0,0.0,388.0,4,PHONE
1628418000000,1628418840000,9,2021-08-08 19:20:00,2021-08-08 19:34:00,1283.0,0.0,1283.0,14,PHONE
1628419260000,1628419320000,9,2021-08-08 19:41:00,2021-08-08 19:42:00,30.0,0.0,30.0,1,PHONE
1628419560000,1628419620000,9,2021-08-08 19:46:00,2021-08-08 19:47:00,8.0,0.0,8.0,1,PHONE
1628419680000,1628419740000,9,2021-08-08 19:48:00,2021-08-08 19:49:00,12.0,0.0,12.0,1,PHONE
1628419980000,1628421720000,9,2021-08-08 19:53:00,2021-08-08 20:22:00,2724.0,0.0,2724.0,29,PHONE
1628421780000,1628423580000,9,2021-08-08 20:23:00,2021-08-08 20:53:00,2912.0,0.0,2912.0,30,PHONE
1628423640000,1628424540000,9,2021-08-08 20:54:00,2021-08-08 21:09:00,1566.0,0.0,1566.0,15,PHONE
1628424660000,1628424720000,9,2021-08-08 21:11:00,2021-08-08 21:12:00,8.0,0.0,8.0,1,PHONE
1628424780000,1628424840000,9,2021-08-08 21:13:00,2021-08-08 21:14:00,18.0,0.0,18.0,1,PHONE
1628425740000,1628427180000,9,2021-08-08 21:29:00,2021-08-08 21:53:00,2090.0,0.0,2090.0,24,PHONE
1628427300000,1628427780000,9,2021-08-08 21:55:00,2021-08-08 22:03:00,838.0,0.0,838.0,8,PHONE
1628428500000,1628428620000,9,2021-08-08 22:15:00,2021-08-08 22:17:00,88.0,0.0,88.0,2,PHONE
1628428740000,1628429220000,9,2021-08-08 22:19:00,2021-08-08 22:27:00,656.0,0.0,656.0,8,PHONE
1628429640000,1628429760000,9,2021-08-08 22:34:00,2021-08-08 22:36:00,81.0,0.0,81.0,2,PHONE
1628430780000,1628431440000,9,2021-08-08 22:53:00,2021-08-08 23:04:00,766.0,0.0,766.0,11,PHONE
1628432040000,1628432100000,9,2021-08-08 23:14:00,2021-08-08 23:15:00,27.0,0.0,27.0,1,PHONE
1628432820000,1628432880000,9,2021-08-08 23:27:00,2021-08-08 23:28:00,7.0,0.0,7.0,1,PHONE
1628433780000,1628433840000,9,2021-08-08 23:43:00,2021-08-08 23:44:00,6.0,0.0,6.0,1,PHONE
1628435340000,1628435460000,9,2021-08-09 00:09:00,2021-08-09 00:11:00,14.0,0.0,14.0,2,PHONE
1628446260000,1628446320000,9,2021-08-09 03:11:00,2021-08-09 03:12:00,16.0,0.0,16.0,1,PHONE
1628446380000,1628446440000,9,2021-08-09 03:13:00,2021-08-09 03:14:00,9.0,0.0,9.0,1,PHONE
1628449620000,1628449680000,9,2021-08-09 04:07:00,2021-08-09 04:08:00,25.0,0.0,25.0,1,PHONE
1628455200000,1628455260000,9,2021-08-09 05:40:00,2021-08-09 05:41:00,36.0,0.0,36.0,1,PHONE
1628482260000,1628482320000,9,2021-08-09 13:11:00,2021-08-09 13:12:00,7.0,0.0,7.0,1,PHONE
1628482560000,1628482620000,9,2021-08-09 13:16:00,2021-08-09 13:17:00,30.0,0.0,30.0,1,PHONE
1628482680000,1628482800000,9,2021-08-09 13:18:00,2021-08-09 13:20:00,51.0,0.0,51.0,2,PHONE
1628483220000,1628483280000,9,2021-08-09 13:27:00,2021-08-09 13:28:00,27.0,0.0,27.0,1,PHONE
1628483520000,1628483580000,9,2021-08-09 13:32:00,2021-08-09 13:33:00,8.0,0.0,8.0,1,PHONE
1628485680000,1628485740000,9,2021-08-09 14:08:00,2021-08-09 14:09:00,16.0,0.0,16.0,1,PHONE
1628487180000,1628487240000,9,2021-08-09 14:33:00,2021-08-09 14:34:00,24.0,0.0,24.0,1,PHONE
1628487300000,1628487360000,9,2021-08-09 14:35:00,2021-08-09 14:36:00,9.0,0.0,9.0,1,PHONE
1628490180000,1628490300000,9,2021-08-09 15:23:00,2021-08-09 15:25:00,33.0,0.0,33.0,2,PHONE
1628493480000,1628493600000,9,2021-08-09 16:18:00,2021-08-09 16:20:00,21.0,0.0,21.0,2,PHONE
1628493840000,1628493900000,9,2021-08-09 16:24:00,2021-08-09 16:25:00,16.0,0.0,16.0,1,PHONE
1628503140000,1628503200000,9,2021-08-09 18:59:00,2021-08-09 19:00:00,35.0,0.0,35.0,1,PHONE
1628503740000,1628503800000,9,2021-08-09 19:09:00,2021-08-09 19:10:00,14.0,0.0,14.0,1,PHONE
1628534280000,1628534340000,9,2021-08-10 03:38:00,2021-08-10 03:39:00,48.0,0.0,48.0,1,PHONE
1628537760000,1628537880000,9,2021-08-10 04:36:00,2021-08-10 04:38:00,39.0,0.0,39.0,2,PHONE
1628571300000,1628571480000,9,2021-08-10 13:55:00,2021-08-10 13:58:00,63.0,0.0,63.0,3,PHONE
1628571600000,1628571720000,9,2021-08-10 14:00:00,2021-08-10 14:02:00,40.0,0.0,40.0,2,PHONE
1628574540000,1628574600000,9,2021-08-10 14:49:00,2021-08-10 14:50:00,25.0,0.0,25.0,1,PHONE
1628574840000,1628574900000,9,2021-08-10 14:54:00,2021-08-10 14:55:00,23.0,0.0,23.0,1,PHONE
1628575920000,1628575980000,9,2021-08-10 15:12:00,2021-08-10 15:13:00,16.0,0.0,16.0,1,PHONE
1628582400000,1628582520000,9,2021-08-10 17:00:00,2021-08-10 17:02:00,33.0,0.0,33.0,2,PHONE
1628584680000,1628585460000,9,2021-08-10 17:38:00,2021-08-10 17:51:00,821.0,0.0,821.0,13,PHONE
1628589300000,1628589420000,9,2021-08-10 18:55:00,2021-08-10 18:57:00,41.0,0.0,41.0,2,PHONE
1628589900000,1628590020000,9,2021-08-10 19:05:00,2021-08-10 19:07:00,23.0,0.0,23.0,2,PHONE
1628590260000,1628590320000,9,2021-08-10 19:11:00,2021-08-10 19:12:00,25.0,0.0,25.0,1,PHONE
1628590620000,1628590680000,9,2021-08-10 19:17:00,2021-08-10 19:18:00,45.0,0.0,45.0,1,PHONE
1628590740000,1628591700000,9,2021-08-10 19:19:00,2021-08-10 19:35:00,1022.0,0.0,1022.0,16,PHONE
1628593260000,1628593320000,9,2021-08-10 20:01:00,2021-08-10 20:02:00,12.0,0.0,12.0,1,PHONE
1628593440000,1628593500000,9,2021-08-10 20:04:00,2021-08-10 20:05:00,21.0,0.0,21.0,1,PHONE
1628595420000,1628595480000,9,2021-08-10 20:37:00,2021-08-10 20:38:00,37.0,0.0,37.0,1,PHONE
1628615700000,1628615940000,9,2021-08-11 02:15:00,2021-08-11 02:19:00,70.0,0.0,70.0,4,PHONE
1628618040000,1628618100000,9,2021-08-11 02:54:00,2021-08-11 02:55:00,7.0,0.0,7.0,1,PHONE
1628618820000,1628618880000,9,2021-08-11 03:07:00,2021-08-11 03:08:00,7.0,0.0,7.0,1,PHONE
1628620140000,1628620200000,9,2021-08-11 03:29:00,2021-08-11 03:30:00,11.0,0.0,11.0,1,PHONE
1628621400000,1628621520000,9,2021-08-11 03:50:00,2021-08-11 03:52:00,60.0,0.0,60.0,2,PHONE
1628657100000,1628657160000,9,2021-08-11 13:45:00,2021-08-11 13:46:00,25.0,0.0,25.0,1,PHONE
1628657280000,1628657340000,9,2021-08-11 13:48:00,2021-08-11 13:49:00,24.0,0.0,24.0,1,PHONE
1628657580000,1628657640000,9,2021-08-11 13:53:00,2021-08-11 13:54:00,8.0,0.0,8.0,1,PHONE
1628658060000,1628658240000,9,2021-08-11 14:01:00,2021-08-11 14:04:00,115.0,0.0,115.0,3,PHONE
1628658540000,1628658600000,9,2021-08-11 14:09:00,2021-08-11 14:10:00,12.0,0.0,12.0,1,PHONE
1628658840000,1628658960000,9,2021-08-11 14:14:00,2021-08-11 14:16:00,39.0,0.0,39.0,2,PHONE
1628659140000,1628659200000,9,2021-08-11 14:19:00,2021-08-11 14:20:00,22.0,0.0,22.0,1,PHONE
1628661840000,1628662020000,9,2021-08-11 15:04:00,2021-08-11 15:07:00,59.0,0.0,59.0,3,PHONE
1628662080000,1628662200000,9,2021-08-11 15:08:00,2021-08-11 15:10:00,57.0,0.0,57.0,2,PHONE
1628665140000,1628665200000,9,2021-08-11 15:59:00,2021-08-11 16:00:00,32.0,0.0,32.0,1,PHONE
1628665440000,1628665560000,9,2021-08-11 16:04:00,2021-08-11 16:06:00,56.0,0.0,56.0,2,PHONE
1628668980000,1628669100000,9,2021-08-11 17:03:00,2021-08-11 17:05:00,26.0,0.0,26.0,2,PHONE
1628669340000,1628669400000,9,2021-08-11 17:09:00,2021-08-11 17:10:00,12.0,0.0,12.0,1,PHONE
1628672160000,1628672220000,9,2021-08-11 17:56:00,2021-08-11 17:57:00,31.0,0.0,31.0,1,PHONE
1628673600000,1628673720000,9,2021-08-11 18:20:00,2021-08-11 18:22:00,40.0,0.0,40.0,2,PHONE
1628673780000,1628674200000,9,2021-08-11 18:23:00,2021-08-11 18:30:00,643.0,0.0,643.0,7,PHONE
1628674860000,1628674920000,9,2021-08-11 18:41:00,2021-08-11 18:42:00,21.0,0.0,21.0,1,PHONE
1628675280000,1628675340000,9,2021-08-11 18:48:00,2021-08-11 18:49:00,10.0,0.0,10.0,1,PHONE
1628676720000,1628676840000,9,2021-08-11 19:12:00,2021-08-11 19:14:00,54.0,0.0,54.0,2,PHONE
1628677260000,1628677380000,9,2021-08-11 19:21:00,2021-08-11 19:23:00,22.0,0.0,22.0,2,PHONE
1628677740000,1628678340000,9,2021-08-11 19:29:00,2021-08-11 19:39:00,744.0,0.0,744.0,10,PHONE
1628680620000,1628680680000,9,2021-08-11 20:17:00,2021-08-11 20:18:00,13.0,0.0,13.0,1,PHONE
1628683140000,1628683200000,9,2021-08-11 20:59:00,2021-08-11 21:00:00,21.0,0.0,21.0,1,PHONE
1628691480000,1628691600000,9,2021-08-11 23:18:00,2021-08-11 23:20:00,21.0,0.0,21.0,2,PHONE
1628691780000,1628691840000,9,2021-08-11 23:23:00,2021-08-11 23:24:00,15.0,0.0,15.0,1,PHONE
1628708940000,1628709120000,9,2021-08-12 04:09:00,2021-08-12 04:12:00,52.0,0.0,52.0,3,PHONE
1628741700000,1628741760000,9,2021-08-12 13:15:00,2021-08-12 13:16:00,13.0,0.0,13.0,1,PHONE
1628742840000,1628742900000,9,2021-08-12 13:34:00,2021-08-12 13:35:00,6.0,0.0,6.0,1,PHONE
1628743260000,1628743320000,9,2021-08-12 13:41:00,2021-08-12 13:42:00,13.0,0.0,13.0,1,PHONE
1628746080000,1628746140000,9,2021-08-12 14:28:00,2021-08-12 14:29:00,29.0,0.0,29.0,1,PHONE
1628746440000,1628746500000,9,2021-08-12 14:34:00,2021-08-12 14:35:00,10.0,0.0,10.0,1,PHONE
1628746800000,1628746860000,9,2021-08-12 14:40:00,2021-08-12 14:41:00,6.0,0.0,6.0,1,PHONE
1628757900000,1628758020000,9,2021-08-12 17:45:00,2021-08-12 17:47:00,47.0,0.0,47.0,2,PHONE
1628758260000,1628758320000,9,2021-08-12 17:51:00,2021-08-12 17:52:00,6.0,0.0,6.0,1,PHONE
1628760600000,1628760660000,9,2021-08-12 18:30:00,2021-08-12 18:31:00,20.0,0.0,20.0,1,PHONE
1628760780000,1628761440000,9,2021-08-12 18:33:00,2021-08-12 18:44:00,715.0,0.0,715.0,11,PHONE
1628761740000,1628761800000,9,2021-08-12 18:49:00,2021-08-12 18:50:00,28.0,0.0,28.0,1,PHONE
1628761920000,1628762640000,9,2021-08-12 18:52:00,2021-08-12 19:04:00,784.0,0.0,784.0,12,PHONE
1628764260000,1628764320000,9,2021-08-12 19:31:00,2021-08-12 19:32:00,18.0,0.0,18.0,1,PHONE
1628764920000,1628765040000,9,2021-08-12 19:42:00,2021-08-12 19:44:00,50.0,0.0,50.0,2,PHONE
1628765580000,1628765640000,9,2021-08-12 19:53:00,2021-08-12 19:54:00,16.0,0.0,16.0,1,PHONE
1628766000000,1628766120000,9,2021-08-12 20:00:00,2021-08-12 20:02:00,90.0,0.0,90.0,2,PHONE
1628766480000,1628766600000,9,2021-08-12 20:08:00,2021-08-12 20:10:00,50.0,0.0,50.0,2,PHONE
1628766660000,1628767320000,9,2021-08-12 20:11:00,2021-08-12 20:22:00,755.0,0.0,755.0,11,PHONE
1628769120000,1628769240000,9,2021-08-12 20:52:00,2021-08-12 20:54:00,51.0,0.0,51.0,2,PHONE
1628770980000,1628771040000,9,2021-08-12 21:23:00,2021-08-12 21:24:00,8.0,0.0,8.0,1,PHONE
1628792220000,1628792280000,9,2021-08-13 03:17:00,2021-08-13 03:18:00,30.0,0.0,30.0,1,PHONE
1628804880000,1628804940000,9,2021-08-13 06:48:00,2021-08-13 06:49:00,29.0,0.0,29.0,1,PHONE
1628805180000,1628805300000,9,2021-08-13 06:53:00,2021-08-13 06:55:00,26.0,0.0,26.0,2,PHONE
1628805420000,1628805480000,9,2021-08-13 06:57:00,2021-08-13 06:58:00,32.0,0.0,32.0,1,PHONE
1628805600000,1628805780000,9,2021-08-13 07:00:00,2021-08-13 07:03:00,54.0,0.0,54.0,3,PHONE
1628808900000,1628809560000,9,2021-08-13 07:55:00,2021-08-13 08:06:00,830.0,0.0,830.0,11,PHONE
1628809740000,1628809800000,9,2021-08-13 08:09:00,2021-08-13 08:10:00,8.0,0.0,8.0,1,PHONE
1628810520000,1628810580000,9,2021-08-13 08:22:00,2021-08-13 08:23:00,31.0,0.0,31.0,1,PHONE
1628811360000,1628811540000,9,2021-08-13 08:36:00,2021-08-13 08:39:00,274.0,0.0,274.0,3,PHONE
1628811840000,1628811900000,9,2021-08-13 08:44:00,2021-08-13 08:45:00,7.0,0.0,7.0,1,PHONE
1628812320000,1628812380000,9,2021-08-13 08:52:00,2021-08-13 08:53:00,7.0,0.0,7.0,1,PHONE
1628812440000,1628812500000,9,2021-08-13 08:54:00,2021-08-13 08:55:00,9.0,0.0,9.0,1,PHONE
1628813040000,1628813880000,9,2021-08-13 09:04:00,2021-08-13 09:18:00,1024.0,0.0,1024.0,14,PHONE
1628814420000,1628814720000,9,2021-08-13 09:27:00,2021-08-13 09:32:00,424.0,0.0,424.0,5,PHONE
1628815020000,1628815500000,9,2021-08-13 09:37:00,2021-08-13 09:45:00,655.0,0.0,655.0,8,PHONE
1628815680000,1628815800000,9,2021-08-13 09:48:00,2021-08-13 09:50:00,36.0,0.0,36.0,2,PHONE
1628816160000,1628816220000,9,2021-08-13 09:56:00,2021-08-13 09:57:00,32.0,0.0,32.0,1,PHONE
1628820240000,1628820300000,9,2021-08-13 11:04:00,2021-08-13 11:05:00,31.0,0.0,31.0,1,PHONE
1628820360000,1628820420000,9,2021-08-13 11:06:00,2021-08-13 11:07:00,30.0,0.0,30.0,1,PHONE
1628825340000,1628826900000,9,2021-08-13 12:29:00,2021-08-13 12:55:00,2204.0,0.0,2204.0,26,PHONE
1628826960000,1628827020000,9,2021-08-13 12:56:00,2021-08-13 12:57:00,16.0,0.0,16.0,1,PHONE
1628827080000,1628827260000,9,2021-08-13 12:58:00,2021-08-13 13:01:00,161.0,0.0,161.0,3,PHONE
1628827620000,1628828760000,9,2021-08-13 13:07:00,2021-08-13 13:26:00,1841.0,0.0,1841.0,19,PHONE
1628831160000,1628831220000,9,2021-08-13 14:06:00,2021-08-13 14:07:00,40.0,0.0,40.0,1,PHONE
1628831340000,1628832000000,9,2021-08-13 14:09:00,2021-08-13 14:20:00,817.0,0.0,817.0,11,PHONE
1628832180000,1628833140000,9,2021-08-13 14:23:00,2021-08-13 14:39:00,1569.0,0.0,1569.0,16,PHONE
1628833380000,1628833860000,9,2021-08-13 14:43:00,2021-08-13 14:51:00,699.0,0.0,699.0,8,PHONE
1628833980000,1628834040000,9,2021-08-13 14:53:00,2021-08-13 14:54:00,21.0,0.0,21.0,1,PHONE
1628834160000,1628836020000,9,2021-08-13 14:56:00,2021-08-13 15:27:00,3088.0,0.0,3088.0,31,PHONE
1628836080000,1628836140000,9,2021-08-13 15:28:00,2021-08-13 15:29:00,9.0,0.0,9.0,1,PHONE
1628836260000,1628836320000,9,2021-08-13 15:31:00,2021-08-13 15:32:00,25.0,0.0,25.0,1,PHONE
1628837640000,1628837820000,9,2021-08-13 15:54:00,2021-08-13 15:57:00,59.0,0.0,59.0,3,PHONE
1628837880000,1628838000000,9,2021-08-13 15:58:00,2021-08-13 16:00:00,143.0,0.0,143.0,2,PHONE
1628838420000,1628838840000,9,2021-08-13 16:07:00,2021-08-13 16:14:00,265.0,0.0,265.0,7,PHONE
1628845020000,1628845320000,9,2021-08-13 17:57:00,2021-08-13 18:02:00,82.0,0.0,82.0,5,PHONE
1628845380000,1628846220000,9,2021-08-13 18:03:00,2021-08-13 18:17:00,1250.0,0.0,1250.0,14,PHONE
1628846400000,1628846460000,9,2021-08-13 18:20:00,2021-08-13 18:21:00,9.0,0.0,9.0,1,PHONE
1628846520000,1628846580000,9,2021-08-13 18:22:00,2021-08-13 18:23:00,16.0,0.0,16.0,1,PHONE
1628846640000,1628846820000,9,2021-08-13 18:24:00,2021-08-13 18:27:00,98.0,0.0,98.0,3,PHONE
1628847480000,1628847780000,9,2021-08-13 18:38:00,2021-08-13 18:43:00,379.0,0.0,379.0,5,PHONE
1628848020000,1628848380000,9,2021-08-13 18:47:00,2021-08-13 18:53:00,354.0,0.0,354.0,6,PHONE
1628848440000,1628848560000,9,2021-08-13 18:54:00,2021-08-13 18:56:00,51.0,0.0,51.0,2,PHONE
1628848680000,1628848740000,9,2021-08-13 18:58:00,2021-08-13 18:59:00,9.0,0.0,9.0,1,PHONE
1628849100000,1628853000000,9,2021-08-13 19:05:00,2021-08-13 20:10:00,6303.0,0.0,6303.0,65,PHONE
1628853180000,1628853240000,9,2021-08-13 20:13:00,2021-08-13 20:14:00,10.0,0.0,10.0,1,PHONE
1628853300000,1628853360000,9,2021-08-13 20:15:00,2021-08-13 20:16:00,24.0,0.0,24.0,1,PHONE
1628853720000,1628853780000,9,2021-08-13 20:22:00,2021-08-13 20:23:00,38.0,0.0,38.0,1,PHONE
1628855520000,1628856720000,9,2021-08-13 20:52:00,2021-08-13 21:12:00,1458.0,0.0,1458.0,20,PHONE
1628856780000,1628858460000,9,2021-08-13 21:13:00,2021-08-13 21:41:00,2450.0,0.0,2450.0,28,PHONE
1628858580000,1628858820000,9,2021-08-13 21:43:00,2021-08-13 21:47:00,91.0,0.0,91.0,4,PHONE
1628859240000,1628859540000,9,2021-08-13 21:54:00,2021-08-13 21:59:00,170.0,0.0,170.0,5,PHONE
1628859600000,1628859660000,9,2021-08-13 22:00:00,2021-08-13 22:01:00,12.0,0.0,12.0,1,PHONE
1628860140000,1628860500000,9,2021-08-13 22:09:00,2021-08-13 22:15:00,498.0,0.0,498.0,6,PHONE
1628860680000,1628860740000,9,2021-08-13 22:18:00,2021-08-13 22:19:00,55.0,0.0,55.0,1,PHONE
1628860860000,1628860920000,9,2021-08-13 22:21:00,2021-08-13 22:22:00,27.0,0.0,27.0,1,PHONE
1628861040000,1628861160000,9,2021-08-13 22:24:00,2021-08-13 22:26:00,18.0,0.0,18.0,2,PHONE
1628861220000,1628861280000,9,2021-08-13 22:27:00,2021-08-13 22:28:00,11.0,0.0,11.0,1,PHONE
1628865420000,1628865480000,9,2021-08-13 23:37:00,2021-08-13 23:38:00,7.0,0.0,7.0,1,PHONE
1628866140000,1628866200000,9,2021-08-13 23:49:00,2021-08-13 23:50:00,7.0,0.0,7.0,1,PHONE
1628867040000,1628867100000,9,2021-08-14 00:04:00,2021-08-14 00:05:00,11.0,0.0,11.0,1,PHONE
1628872920000,1628873040000,9,2021-08-14 01:42:00,2021-08-14 01:44:00,32.0,0.0,32.0,2,PHONE
1628874300000,1628874480000,9,2021-08-14 02:05:00,2021-08-14 02:08:00,45.0,0.0,45.0,3,PHONE
1628874540000,1628875380000,9,2021-08-14 02:09:00,2021-08-14 02:23:00,1422.0,0.0,1422.0,14,PHONE
1628875980000,1628876460000,9,2021-08-14 02:33:00,2021-08-14 02:41:00,498.0,0.0,498.0,8,PHONE
1628876880000,1628876940000,9,2021-08-14 02:48:00,2021-08-14 02:49:00,9.0,0.0,9.0,1,PHONE
1628877660000,1628877720000,9,2021-08-14 03:01:00,2021-08-14 03:02:00,11.0,0.0,11.0,1,PHONE
1628878200000,1628878380000,9,2021-08-14 03:10:00,2021-08-14 03:13:00,24.0,0.0,24.0,3,PHONE
1628878680000,1628878740000,9,2021-08-14 03:18:00,2021-08-14 03:19:00,25.0,0.0,25.0,1,PHONE
1628879220000,1628879280000,9,2021-08-14 03:27:00,2021-08-14 03:28:00,7.0,0.0,7.0,1,PHONE
1628905800000,1628905920000,9,2021-08-14 10:50:00,2021-08-14 10:52:00,80.0,0.0,80.0,2,PHONE
1628905980000,1628906040000,9,2021-08-14 10:53:00,2021-08-14 10:54:00,39.0,0.0,39.0,1,PHONE
1628906580000,1628906700000,9,2021-08-14 11:03:00,2021-08-14 11:05:00,148.0,0.0,148.0,2,PHONE
1628906760000,1628907300000,9,2021-08-14 11:06:00,2021-08-14 11:15:00,732.0,0.0,732.0,9,PHONE
1628907660000,1628907720000,9,2021-08-14 11:21:00,2021-08-14 11:22:00,59.0,0.0,59.0,1,PHONE
1628907780000,1628907900000,9,2021-08-14 11:23:00,2021-08-14 11:25:00,69.0,0.0,69.0,2,PHONE
1628911020000,1628911380000,9,2021-08-14 12:17:00,2021-08-14 12:23:00,271.0,0.0,271.0,6,PHONE
1628911560000,1628911740000,9,2021-08-14 12:26:00,2021-08-14 12:29:00,183.0,0.0,183.0,3,PHONE
1628911980000,1628912040000,9,2021-08-14 12:33:00,2021-08-14 12:34:00,11.0,0.0,11.0,1,PHONE
1628912220000,1628912400000,9,2021-08-14 12:37:00,2021-08-14 12:40:00,73.0,0.0,73.0,3,PHONE
1628912460000,1628912520000,9,2021-08-14 12:41:00,2021-08-14 12:42:00,14.0,0.0,14.0,1,PHONE
1628912640000,1628913000000,9,2021-08-14 12:44:00,2021-08-14 12:50:00,108.0,0.0,108.0,6,PHONE
1628913540000,1628913720000,9,2021-08-14 12:59:00,2021-08-14 13:02:00,84.0,0.0,84.0,3,PHONE
1628913840000,1628913900000,9,2021-08-14 13:04:00,2021-08-14 13:05:00,27.0,0.0,27.0,1,PHONE
1628913960000,1628914380000,9,2021-08-14 13:06:00,2021-08-14 13:13:00,484.0,0.0,484.0,7,PHONE
1628914500000,1628914560000,9,2021-08-14 13:15:00,2021-08-14 13:16:00,16.0,0.0,16.0,1,PHONE
1628914620000,1628914680000,9,2021-08-14 13:17:00,2021-08-14 13:18:00,17.0,0.0,17.0,1,PHONE
1628914740000,1628914800000,9,2021-08-14 13:19:00,2021-08-14 13:20:00,7.0,0.0,7.0,1,PHONE
1628914860000,1628914980000,9,2021-08-14 13:21:00,2021-08-14 13:23:00,43.0,0.0,43.0,2,PHONE
1628915040000,1628915100000,9,2021-08-14 13:24:00,2021-08-14 13:25:00,15.0,0.0,15.0,1,PHONE
1628915400000,1628915580000,9,2021-08-14 13:30:00,2021-08-14 13:33:00,58.0,0.0,58.0,3,PHONE
1628915940000,1628916600000,9,2021-08-14 13:39:00,2021-08-14 13:50:00,499.0,0.0,499.0,11,PHONE
1628916720000,1628916840000,9,2021-08-14 13:52:00,2021-08-14 13:54:00,131.0,0.0,131.0,2,PHONE
1628917080000,1628917140000,9,2021-08-14 13:58:00,2021-08-14 13:59:00,16.0,0.0,16.0,1,PHONE
1628917200000,1628917260000,9,2021-08-14 14:00:00,2021-08-14 14:01:00,12.0,0.0,12.0,1,PHONE
1628917440000,1628917500000,9,2021-08-14 14:04:00,2021-08-14 14:05:00,14.0,0.0,14.0,1,PHONE
1628917920000,1628918580000,9,2021-08-14 14:12:00,2021-08-14 14:23:00,597.0,0.0,597.0,11,PHONE
1628918640000,1628918700000,9,2021-08-14 14:24:00,2021-08-14 14:25:00,9.0,0.0,9.0,1,PHONE
1628918820000,1628919180000,9,2021-08-14 14:27:00,2021-08-14 14:33:00,340.0,0.0,340.0,6,PHONE
1628919420000,1628919540000,9,2021-08-14 14:37:00,2021-08-14 14:39:00,16.0,0.0,16.0,2,PHONE
1628920980000,1628921100000,9,2021-08-14 15:03:00,2021-08-14 15:05:00,100.0,0.0,100.0,2,PHONE
1628921160000,1628921220000,9,2021-08-14 15:06:00,2021-08-14 15:07:00,24.0,0.0,24.0,1,PHONE
1628921520000,1628921700000,9,2021-08-14 15:12:00,2021-08-14 15:15:00,90.0,0.0,90.0,3,PHONE
1628921880000,1628922000000,9,2021-08-14 15:18:00,2021-08-14 15:20:00,16.0,0.0,16.0,2,PHONE
1628922780000,1628923440000,9,2021-08-14 15:33:00,2021-08-14 15:44:00,411.0,0.0,411.0,11,PHONE
1628924220000,1628924280000,9,2021-08-14 15:57:00,2021-08-14 15:58:00,70.0,0.0,70.0,1,PHONE
1628924400000,1628924460000,9,2021-08-14 16:00:00,2021-08-14 16:01:00,23.0,0.0,23.0,1,PHONE
1628924820000,1628924940000,9,2021-08-14 16:07:00,2021-08-14 16:09:00,68.0,0.0,68.0,2,PHONE
1628925120000,1628925420000,9,2021-08-14 16:12:00,2021-08-14 16:17:00,142.0,0.0,142.0,5,PHONE
1628926140000,1628926200000,9,2021-08-14 16:29:00,2021-08-14 16:30:00,9.0,0.0,9.0,1,PHONE
1628926440000,1628927520000,9,2021-08-14 16:34:00,2021-08-14 16:52:00,1101.0,0.0,1101.0,18,PHONE
1628927580000,1628927880000,9,2021-08-14 16:53:00,2021-08-14 16:58:00,363.0,0.0,363.0,5,PHONE
1628928240000,1628928300000,9,2021-08-14 17:04:00,2021-08-14 17:05:00,17.0,0.0,17.0,1,PHONE
1628928660000,1628929200000,9,2021-08-14 17:11:00,2021-08-14 17:20:00,702.0,0.0,702.0,9,PHONE
1628929320000,1628929560000,9,2021-08-14 17:22:00,2021-08-14 17:26:00,242.0,0.0,242.0,4,PHONE
1628929680000,1628931180000,9,2021-08-14 17:28:00,2021-08-14 17:53:00,2042.0,0.0,2042.0,25,PHONE
1628931240000,1628931360000,9,2021-08-14 17:54:00,2021-08-14 17:56:00,32.0,0.0,32.0,2,PHONE
1628934240000,1628934420000,9,2021-08-14 18:44:00,2021-08-14 18:47:00,149.0,0.0,149.0,3,PHONE
1628934660000,1628934780000,9,2021-08-14 18:51:00,2021-08-14 18:53:00,116.0,0.0,116.0,2,PHONE
1628934900000,1628934960000,9,2021-08-14 18:55:00,2021-08-14 18:56:00,53.0,0.0,53.0,1,PHONE
1628935380000,1628935680000,9,2021-08-14 19:03:00,2021-08-14 19:08:00,287.0,0.0,287.0,5,PHONE
1628935740000,1628935800000,9,2021-08-14 19:09:00,2021-08-14 19:10:00,21.0,0.0,21.0,1,PHONE
1628935920000,1628936340000,9,2021-08-14 19:12:00,2021-08-14 19:19:00,554.0,0.0,554.0,7,PHONE
1628936400000,1628937060000,9,2021-08-14 19:20:00,2021-08-14 19:31:00,602.0,0.0,602.0,11,PHONE
1628937180000,1628937240000,9,2021-08-14 19:33:00,2021-08-14 19:34:00,58.0,0.0,58.0,1,PHONE
1628937300000,1628937360000,9,2021-08-14 19:35:00,2021-08-14 19:36:00,8.0,0.0,8.0,1,PHONE
1628937420000,1628937480000,9,2021-08-14 19:37:00,2021-08-14 19:38:00,14.0,0.0,14.0,1,PHONE
1628937600000,1628937660000,9,2021-08-14 19:40:00,2021-08-14 19:41:00,8.0,0.0,8.0,1,PHONE
1628937960000,1628938860000,9,2021-08-14 19:46:00,2021-08-14 20:01:00,1348.0,0.0,1348.0,15,PHONE
1628938920000,1628941020000,9,2021-08-14 20:02:00,2021-08-14 20:37:00,2968.0,0.0,2968.0,35,PHONE
1628941320000,1628941440000,9,2021-08-14 20:42:00,2021-08-14 20:44:00,20.0,0.0,20.0,2,PHONE
1628941500000,1628943000000,9,2021-08-14 20:45:00,2021-08-14 21:10:00,2399.0,0.0,2399.0,25,PHONE
1628943060000,1628943300000,9,2021-08-14 21:11:00,2021-08-14 21:15:00,250.0,0.0,250.0,4,PHONE
1628943480000,1628943540000,9,2021-08-14 21:18:00,2021-08-14 21:19:00,10.0,0.0,10.0,1,PHONE
1628943660000,1628943900000,9,2021-08-14 21:21:00,2021-08-14 21:25:00,390.0,0.0,390.0,4,PHONE
1628943960000,1628944080000,9,2021-08-14 21:26:00,2021-08-14 21:28:00,107.0,0.0,107.0,2,PHONE
1628944140000,1628944380000,9,2021-08-14 21:29:00,2021-08-14 21:33:00,226.0,0.0,226.0,4,PHONE
1628944440000,1628944860000,9,2021-08-14 21:34:00,2021-08-14 21:41:00,293.0,0.0,293.0,7,PHONE
1628944920000,1628946000000,9,2021-08-14 21:42:00,2021-08-14 22:00:00,1130.0,0.0,1130.0,18,PHONE
1628946420000,1628947800000,9,2021-08-14 22:07:00,2021-08-14 22:30:00,1897.0,0.0,1897.0,23,PHONE
1628948640000,1628948700000,9,2021-08-14 22:44:00,2021-08-14 22:45:00,37.0,0.0,37.0,1,PHONE
1628951220000,1628951400000,9,2021-08-14 23:27:00,2021-08-14 23:30:00,187.0,0.0,187.0,3,PHONE
1628952180000,1628952360000,9,2021-08-14 23:43:00,2021-08-14 23:46:00,31.0,0.0,31.0,3,PHONE
1628952840000,1628952900000,9,2021-08-14 23:54:00,2021-08-14 23:55:00,8.0,0.0,8.0,1,PHONE
1628956980000,1628957040000,9,2021-08-15 01:03:00,2021-08-15 01:04:00,35.0,0.0,35.0,1,PHONE
1628957160000,1628957220000,9,2021-08-15 01:06:00,2021-08-15 01:07:00,23.0,0.0,23.0,1,PHONE
1628957760000,1628957820000,9,2021-08-15 01:16:00,2021-08-15 01:17:00,36.0,0.0,36.0,1,PHONE
1628972520000,1628972580000,9,2021-08-15 05:22:00,2021-08-15 05:23:00,10.0,0.0,10.0,1,PHONE
1628981100000,1628981160000,9,2021-08-15 07:45:00,2021-08-15 07:46:00,6.0,0.0,6.0,1,PHONE
1628981820000,1628981940000,9,2021-08-15 07:57:00,2021-08-15 07:59:00,8.0,0.0,8.0,2,PHONE
1628982240000,1628982600000,9,2021-08-15 08:04:00,2021-08-15 08:10:00,132.0,0.0,132.0,6,PHONE
1628982900000,1628983260000,9,2021-08-15 08:15:00,2021-08-15 08:21:00,435.0,0.0,435.0,6,PHONE
1628983980000,1628984040000,9,2021-08-15 08:33:00,2021-08-15 08:34:00,38.0,0.0,38.0,1,PHONE
1628984160000,1628984220000,9,2021-08-15 08:36:00,2021-08-15 08:37:00,7.0,0.0,7.0,1,PHONE
1628984460000,1628984820000,9,2021-08-15 08:41:00,2021-08-15 08:47:00,322.0,0.0,322.0,6,PHONE
1628994240000,1628995020000,9,2021-08-15 11:24:00,2021-08-15 11:37:00,1026.0,0.0,1026.0,13,PHONE
1628995080000,1628995140000,9,2021-08-15 11:38:00,2021-08-15 11:39:00,11.0,0.0,11.0,1,PHONE
1628996160000,1628996460000,9,2021-08-15 11:56:00,2021-08-15 12:01:00,269.0,0.0,269.0,5,PHONE
1628997720000,1628998380000,9,2021-08-15 12:22:00,2021-08-15 12:33:00,758.0,0.0,758.0,11,PHONE
1628998440000,1628998560000,9,2021-08-15 12:34:00,2021-08-15 12:36:00,33.0,0.0,33.0,2,PHONE
1628998680000,1628998800000,9,2021-08-15 12:38:00,2021-08-15 12:40:00,19.0,0.0,19.0,2,PHONE
1629009360000,1629009420000,9,2021-08-15 15:36:00,2021-08-15 15:37:00,30.0,0.0,30.0,1,PHONE
1629009600000,1629009660000,9,2021-08-15 15:40:00,2021-08-15 15:41:00,29.0,0.0,29.0,1,PHONE
1629010200000,1629010320000,9,2021-08-15 15:50:00,2021-08-15 15:52:00,28.0,0.0,28.0,2,PHONE
1629010380000,1629010440000,9,2021-08-15 15:53:00,2021-08-15 15:54:00,7.0,0.0,7.0,1,PHONE
1629010860000,1629010920000,9,2021-08-15 16:01:00,2021-08-15 16:02:00,6.0,0.0,6.0,1,PHONE
1629011100000,1629011220000,9,2021-08-15 16:05:00,2021-08-15 16:07:00,30.0,0.0,30.0,2,PHONE
1629011400000,1629011580000,9,2021-08-15 16:10:00,2021-08-15 16:13:00,42.0,0.0,42.0,3,PHONE
1629011640000,1629011700000,9,2021-08-15 16:14:00,2021-08-15 16:15:00,14.0,0.0,14.0,1,PHONE
1629011820000,1629012060000,9,2021-08-15 16:17:00,2021-08-15 16:21:00,110.0,0.0,110.0,4,PHONE
1629013680000,1629013800000,9,2021-08-15 16:48:00,2021-08-15 16:50:00,71.0,0.0,71.0,2,PHONE
1629015480000,1629015540000,9,2021-08-15 17:18:00,2021-08-15 17:19:00,25.0,0.0,25.0,1,PHONE
1629015900000,1629015960000,9,2021-08-15 17:25:00,2021-08-15 17:26:00,13.0,0.0,13.0,1,PHONE
1629016260000,1629016380000,9,2021-08-15 17:31:00,2021-08-15 17:33:00,45.0,0.0,45.0,2,PHONE
1629017460000,1629017520000,9,2021-08-15 17:51:00,2021-08-15 17:52:00,7.0,0.0,7.0,1,PHONE
1629018120000,1629018180000,9,2021-08-15 18:02:00,2021-08-15 18:03:00,22.0,0.0,22.0,1,PHONE
1629021420000,1629021480000,9,2021-08-15 18:57:00,2021-08-15 18:58:00,7.0,0.0,7.0,1,PHONE
1629030120000,1629030180000,9,2021-08-15 21:22:00,2021-08-15 21:23:00,40.0,0.0,40.0,1,PHONE
1629030240000,1629030300000,9,2021-08-15 21:24:00,2021-08-15 21:25:00,6.0,0.0,6.0,1,PHONE
1629079620000,1629079680000,9,2021-08-16 11:07:00,2021-08-16 11:08:00,16.0,0.0,16.0,1,PHONE
1629080460000,1629080580000,9,2021-08-16 11:21:00,2021-08-16 11:23:00,90.0,0.0,90.0,2,PHONE
1629080700000,1629080760000,9,2021-08-16 11:25:00,2021-08-16 11:26:00,7.0,0.0,7.0,1,PHONE
1629081120000,1629081180000,9,2021-08-16 11:32:00,2021-08-16 11:33:00,6.0,0.0,6.0,1,PHONE
1629093780000,1629093840000,9,2021-08-16 15:03:00,2021-08-16 15:04:00,14.0,0.0,14.0,1,PHONE
1629094020000,1629094080000,9,2021-08-16 15:07:00,2021-08-16 15:08:00,6.0,0.0,6.0,1,PHONE
1629094140000,1629094200000,9,2021-08-16 15:09:00,2021-08-16 15:10:00,6.0,0.0,6.0,1,PHONE
1629100860000,1629101040000,9,2021-08-16 17:01:00,2021-08-16 17:04:00,83.0,0.0,83.0,3,PHONE
1629102960000,1629103560000,9,2021-08-16 17:36:00,2021-08-16 17:46:00,674.0,0.0,674.0,10,PHONE
1629104040000,1629104100000,9,2021-08-16 17:54:00,2021-08-16 17:55:00,35.0,0.0,35.0,1,PHONE
1629104700000,1629104760000,9,2021-08-16 18:05:00,2021-08-16 18:06:00,6.0,0.0,6.0,1,PHONE
1629104880000,1629105060000,9,2021-08-16 18:08:00,2021-08-16 18:11:00,82.0,0.0,82.0,3,PHONE
1629106260000,1629106320000,9,2021-08-16 18:31:00,2021-08-16 18:32:00,14.0,0.0,14.0,1,PHONE
1629106680000,1629106800000,9,2021-08-16 18:38:00,2021-08-16 18:40:00,59.0,0.0,59.0,2,PHONE
1629107460000,1629107520000,9,2021-08-16 18:51:00,2021-08-16 18:52:00,6.0,0.0,6.0,1,PHONE
1629107640000,1629107700000,9,2021-08-16 18:54:00,2021-08-16 18:55:00,6.0,0.0,6.0,1,PHONE
1629107880000,1629107940000,9,2021-08-16 18:58:00,2021-08-16 18:59:00,27.0,0.0,27.0,1,PHONE
1629108000000,1629108300000,9,2021-08-16 19:00:00,2021-08-16 19:05:00,264.0,0.0,264.0,5,PHONE
1629108360000,1629108600000,9,2021-08-16 19:06:00,2021-08-16 19:10:00,305.0,0.0,305.0,4,PHONE
1629108660000,1629108720000,9,2021-08-16 19:11:00,2021-08-16 19:12:00,29.0,0.0,29.0,1,PHONE
1629109320000,1629109380000,9,2021-08-16 19:22:00,2021-08-16 19:23:00,19.0,0.0,19.0,1,PHONE
1629109920000,1629109980000,9,2021-08-16 19:32:00,2021-08-16 19:33:00,41.0,0.0,41.0,1,PHONE
1629110040000,1629110160000,9,2021-08-16 19:34:00,2021-08-16 19:36:00,38.0,0.0,38.0,2,PHONE
1629111960000,1629112020000,9,2021-08-16 20:06:00,2021-08-16 20:07:00,29.0,0.0,29.0,1,PHONE
1629125100000,1629125340000,9,2021-08-16 23:45:00,2021-08-16 23:49:00,74.0,0.0,74.0,4,PHONE
