START,UTC,PHONE_STEP,WEARABLE_STEP
1634569320000,9,0.0,21.0
1634596980000,9,36.0,0.0
1634597040000,9,30.0,0.0
1634598120000,9,16.0,0.0
1634598360000,9,38.0,0.0
1634604060000,9,9.0,0.0
1634604120000,9,48.0,0.0
1634604180000,9,10.0,0.0
1634605020000,9,49.0,0.0
1634605080000,9,13.0,0.0
1634606340000,9,0.0,11.0
1634606400000,9,0.0,15.0
1634608920000,9,0.0,11.0
1634609280000,9,51.0,16.0
1634609340000,9,38.0,30.0
1634609400000,9,7.0,0.0
1634609460000,9,91.0,74.0
1634609520000,9,105.0,102.0
1634609580000,9,120.0,120.0
1634609640000,9,118.0,118.0
1634609700000,9,110.0,110.0
1634609760000,9,52.0,34.0
1634609820000,9,78.0,100.0
1634610000000,9,7.0,0.0
1634610060000,9,0.0,12.0
1634612460000,9,37.0,0.0
1634612520000,9,12.0,12.0
1634612580000,9,10.0,10.0
1634618460000,9,40.0,10.0
1634619000000,9,42.0,28.0
1634619060000,9,73.0,73.0
1634619120000,9,65.0,69.0
1634619300000,9,59.0,38.0
1634619360000,9,97.0,99.0
1634619420000,9,87.0,89.0
1634619480000,9,83.0,87.0
1634619540000,9,95.0,95.0
1634619600000,9,85.0,81.0
1634619660000,9,15.0,25.0
1634619840000,9,0.0,22.0
1634619900000,9,0.0,23.0
1634619960000,9,0.0,10.0
1634620020000,9,0.0,13.0
1634620080000,9,0.0,22.0
1634620140000,9,0.0,12.0
1634620320000,9,31.0,33.0
1634620380000,9,76.0,89.0
1634620440000,9,123.0,122.0
1634620500000,9,119.0,118.0
1634620560000,9,109.0,110.0
1634620620000,9,113.0,112.0
1634620680000,9,125.0,125.0
1634620740000,9,65.0,54.0
1634620800000,9,118.0,115.0
1634620860000,9,60.0,64.0
1634620920000,9,12.0,0.0
1634620980000,9,36.0,31.0
1634621040000,9,13.0,13.0
1634621160000,9,15.0,0.0
1634624880000,9,96.0,83.0
1634624940000,9,98.0,104.0
1634625000000,9,97.0,99.0
1634625060000,9,103.0,102.0
1634625120000,9,103.0,102.0
1634625180000,9,97.0,76.0
1634625240000,9,101.0,96.0
1634625300000,9,3.0,25.0
1634625360000,9,63.0,61.0
1634625420000,9,83.0,84.0
1634625480000,9,51.0,52.0
1634625900000,9,7.0,0.0
1634625960000,9,15.0,0.0
1634626020000,9,18.0,0.0
1634628240000,9,96.0,88.0
1634628300000,9,55.0,56.0
1634628360000,9,49.0,44.0
1634628420000,9,61.0,20.0
1634628480000,9,44.0,22.0
1634628540000,9,32.0,30.0
1634628600000,9,27.0,26.0
1634628720000,9,17.0,7.0
1634628780000,9,16.0,12.0
1634629320000,9,58.0,18.0
1634629380000,9,114.0,118.0
1634629440000,9,13.0,12.0
1634629500000,9,65.0,52.0
1634631060000,9,12.0,0.0
1634631120000,9,109.0,99.0
1634631180000,9,122.0,125.0
1634631240000,9,112.0,110.0
1634631300000,9,109.0,110.0
1634631360000,9,41.0,48.0
1634631420000,9,69.0,50.0
1634631480000,9,120.0,120.0
1634631540000,9,117.0,118.0
1634631600000,9,118.0,117.0
1634631660000,9,113.0,116.0
1634631720000,9,9.0,3.0
1634631840000,9,42.0,48.0
1634631900000,9,23.0,42.0
1634632140000,9,44.0,40.0
1634632200000,9,49.0,51.0
1634633160000,9,0.0,10.0
1634633280000,9,0.0,10.0
1634633340000,9,0.0,11.0
1634633400000,9,45.0,29.0
1634633460000,9,117.0,126.0
1634633520000,9,105.0,104.0
1634633580000,9,112.0,110.0
1634633640000,9,109.0,111.0
1634633700000,9,109.0,111.0
1634633760000,9,79.0,76.0
1634633820000,9,91.0,85.0
1634633880000,9,115.0,114.0
1634633940000,9,114.0,114.0
1634634000000,9,59.0,71.0
1634634720000,9,42.0,13.0
1634634780000,9,112.0,113.0
1634634840000,9,112.0,115.0
1634634900000,9,84.0,87.0
1634635020000,9,0.0,47.0
1634635080000,9,0.0,16.0
1634635140000,9,0.0,10.0
1634635200000,9,0.0,11.0
1634636400000,9,0.0,29.0
1634636460000,9,0.0,14.0
1634636640000,9,0.0,10.0
1634636700000,9,0.0,13.0
1634638260000,9,0.0,11.0
1634638500000,9,17.0,36.0
1634638560000,9,0.0,5.0
1634638800000,9,41.0,12.0
1634663760000,9,6.0,0.0
1634710260000,9,14.0,0.0
1634711520000,9,7.0,0.0
1634713800000,9,12.0,0.0
1634716500000,9,16.0,0.0
1634721420000,9,26.0,0.0
1634721720000,9,11.0,0.0
1634721840000,9,9.0,0.0
1634723820000,9,7.0,0.0
1634734320000,9,0.0,10.0
1634735820000,9,0.0,13.0
1634736000000,9,0.0,16.0
1634736060000,9,0.0,28.0
1634736120000,9,0.0,12.0
1634768160000,9,12.0,0.0
1634769060000,9,13.0,10.0
1634769240000,9,0.0,13.0
1634769360000,9,0.0,21.0
1634769600000,9,25.0,30.0
1634769660000,9,0.0,14.0
1634769720000,9,22.0,29.0
1634769780000,9,130.0,127.0
1634769840000,9,126.0,129.0
1634769900000,9,141.0,157.0
1634769960000,9,47.0,48.0
1634770020000,9,23.0,23.0
1634770080000,9,124.0,128.0
1634770140000,9,40.0,35.0
1634770200000,9,32.0,10.0
1634771220000,9,0.0,10.0
1634773260000,9,0.0,20.0
1634773320000,9,83.0,71.0
1634773380000,9,94.0,90.0
1634773440000,9,122.0,123.0
1634773500000,9,120.0,119.0
1634773560000,9,112.0,115.0
1634773620000,9,46.0,54.0
1634773800000,9,15.0,0.0
1634774040000,9,11.0,0.0
1634774160000,9,7.0,0.0
1634774640000,9,9.0,0.0
1634774880000,9,55.0,29.0
1634774940000,9,13.0,13.0
1634775000000,9,87.0,82.0
1634775060000,9,91.0,82.0
1634775120000,9,127.0,129.0
1634775180000,9,110.0,131.0
1634775240000,9,97.0,81.0
1634775300000,9,24.0,0.0
1634779800000,9,27.0,0.0
1634779980000,9,24.0,15.0
1634780040000,9,120.0,118.0
1634780100000,9,118.0,118.0
1634780160000,9,115.0,115.0
1634780220000,9,113.0,113.0
1634780280000,9,113.0,114.0
1634780340000,9,113.0,112.0
1634780400000,9,108.0,107.0
1634780460000,9,112.0,110.0
1634780520000,9,110.0,109.0
1634780580000,9,109.0,109.0
1634780640000,9,63.0,67.0
1634780700000,9,41.0,77.0
1634780760000,9,36.0,43.0
1634780820000,9,48.0,44.0
1634780880000,9,6.0,18.0
1634780940000,9,47.0,29.0
1634781000000,9,13.0,6.0
1634782380000,9,0.0,12.0
1634782440000,9,62.0,35.0
1634782500000,9,131.0,108.0
1634782560000,9,130.0,131.0
1634782620000,9,131.0,131.0
1634782680000,9,103.0,111.0
1634782740000,9,30.0,3.0
1634785860000,9,14.0,14.0
1634785920000,9,33.0,30.0
1634785980000,9,38.0,30.0
1634786040000,9,16.0,0.0
1634786100000,9,26.0,23.0
1634786700000,9,0.0,25.0
1634787120000,9,0.0,17.0
1634789580000,9,0.0,10.0
1634790720000,9,14.0,0.0
1634790780000,9,85.0,95.0
1634790840000,9,89.0,94.0
1634790960000,9,8.0,0.0
1634791020000,9,8.0,0.0
1634791080000,9,10.0,10.0
1634791140000,9,96.0,92.0
1634791200000,9,108.0,108.0
1634791260000,9,117.0,116.0
1634791320000,9,114.0,119.0
1634791380000,9,113.0,117.0
1634791440000,9,117.0,119.0
1634791500000,9,104.0,101.0
1634791560000,9,108.0,110.0
1634791620000,9,102.0,101.0
1634791680000,9,40.0,34.0
1634791740000,9,16.0,31.0
1634791800000,9,41.0,20.0
1634792100000,9,18.0,0.0
1634792640000,9,0.0,11.0
1634792700000,9,28.0,20.0
1634792820000,9,21.0,17.0
1634792880000,9,9.0,0.0
1634793000000,9,37.0,32.0
1634793060000,9,23.0,26.0
1634793120000,9,22.0,18.0
1634793180000,9,0.0,14.0
1634793300000,9,23.0,19.0
1634793420000,9,29.0,45.0
1634793780000,9,0.0,12.0
1634793840000,9,68.0,85.0
1634793900000,9,117.0,116.0
1634793960000,9,118.0,118.0
1634794020000,9,107.0,108.0
1634794080000,9,102.0,103.0
1634794140000,9,106.0,105.0
1634794200000,9,98.0,98.0
1634794260000,9,101.0,100.0
1634794320000,9,108.0,108.0
1634794380000,9,101.0,102.0
1634794440000,9,105.0,101.0
1634794500000,9,98.0,103.0
1634794560000,9,39.0,51.0
1634794980000,9,0.0,12.0
1634795040000,9,0.0,11.0
1634795160000,9,34.0,12.0
1634795220000,9,51.0,23.0
1634795280000,9,64.0,47.0
1634795340000,9,59.0,79.0
1634795400000,9,125.0,123.0
1634795460000,9,122.0,123.0
1634795520000,9,120.0,121.0
1634795580000,9,121.0,121.0
1634795640000,9,91.0,85.0
1634795700000,9,118.0,123.0
1634795760000,9,99.0,108.0
1634796060000,9,8.0,0.0
1634796300000,9,22.0,0.0
1634796360000,9,7.0,0.0
1634796420000,9,0.0,14.0
1634800200000,9,58.0,47.0
1634800380000,9,71.0,73.0
1634800440000,9,103.0,117.0
1634800500000,9,119.0,117.0
1634800560000,9,106.0,110.0
1634800620000,9,68.0,68.0
1634800680000,9,79.0,77.0
1634800740000,9,62.0,60.0
1634800800000,9,7.0,18.0
1634800860000,9,57.0,28.0
1634800920000,9,9.0,13.0
1634801040000,9,36.0,23.0
1634801100000,9,74.0,72.0
1634801160000,9,74.0,72.0
1634801220000,9,24.0,14.0
1634801280000,9,30.0,15.0
1634801340000,9,90.0,91.0
1634801400000,9,73.0,85.0
1634801460000,9,59.0,56.0
1634801520000,9,11.0,0.0
1634801580000,9,0.0,13.0
1634802420000,9,79.0,51.0
1634802480000,9,112.0,120.0
1634802540000,9,67.0,51.0
1634802600000,9,78.0,85.0
1634802660000,9,117.0,129.0
1634802720000,9,18.0,18.0
1634802840000,9,18.0,13.0
1634802900000,9,9.0,10.0
1634803440000,9,0.0,10.0
1634804580000,9,0.0,10.0
1634804700000,9,0.0,11.0
1634805000000,9,80.0,78.0
1634805060000,9,105.0,105.0
1634805120000,9,118.0,119.0
1634805180000,9,119.0,122.0
1634805240000,9,40.0,39.0
1634805300000,9,6.0,0.0
1634805360000,9,6.0,0.0
1634805480000,9,44.0,43.0
1634805540000,9,38.0,40.0
1634805600000,9,56.0,32.0
1634805660000,9,45.0,36.0
1634805720000,9,119.0,116.0
1634805780000,9,120.0,120.0
1634805840000,9,121.0,118.0
1634805900000,9,116.0,113.0
1634805960000,9,81.0,63.0
1634806020000,9,13.0,0.0
1634806140000,9,0.0,26.0
1634806200000,9,23.0,0.0
1634806260000,9,2.0,0.0
1634806320000,9,0.0,43.0
1634806380000,9,0.0,76.0
1634806440000,9,0.0,6.0
1634806500000,9,15.0,21.0
1634807160000,9,0.0,12.0
1634809320000,9,0.0,23.0
1634809380000,9,15.0,0.0
1634812500000,9,0.0,21.0
1634812620000,9,0.0,29.0
1634812860000,9,0.0,26.0
1634812920000,9,0.0,31.0
1634812980000,9,0.0,13.0
1634854440000,9,9.0,0.0
1634899140000,9,20.0,0.0
1634900100000,9,9.0,0.0
1634908140000,9,8.0,0.0
1634908200000,9,9.0,0.0
1634908440000,9,16.0,0.0
1634956800000,9,20.0,0.0
1634957040000,9,28.0,0.0
1634957100000,9,2.0,0.0
1634957520000,9,41.0,0.0
1634957580000,9,52.0,0.0
1634957640000,9,7.0,0.0
1634959440000,9,13.0,0.0
1634959500000,9,14.0,0.0
1634961420000,9,6.0,0.0
1634961840000,9,19.0,0.0
1634961900000,9,6.0,0.0
1634965140000,9,35.0,0.0
1634976720000,9,25.0,23.0
1634976780000,9,80.0,77.0
1634976840000,9,112.0,109.0
1634976900000,9,104.0,104.0
1634976960000,9,47.0,65.0
1634977020000,9,14.0,0.0
1634977080000,9,16.0,17.0
1634977680000,9,26.0,0.0
1634977740000,9,112.0,116.0
1634977800000,9,116.0,116.0
1634977860000,9,111.0,114.0
1634977920000,9,83.0,85.0
1634977980000,9,73.0,73.0
1634978040000,9,43.0,35.0
1634978100000,9,108.0,105.0
1634978160000,9,108.0,108.0
1634978220000,9,102.0,94.0
1634978280000,9,103.0,104.0
1634978340000,9,37.0,37.0
1634978580000,9,0.0,15.0
1634978700000,9,6.0,0.0
1634979660000,9,12.0,0.0
1634980320000,9,7.0,0.0
1634980860000,9,13.0,11.0
1634980920000,9,66.0,63.0
1634980980000,9,99.0,99.0
1634981040000,9,90.0,94.0
1634981100000,9,67.0,53.0
1634981160000,9,60.0,58.0
1634981220000,9,56.0,59.0
1634981280000,9,80.0,72.0
1634981340000,9,26.0,30.0
1634981400000,9,49.0,34.0
1634981460000,9,52.0,70.0
1634981640000,9,6.0,0.0
1634982060000,9,15.0,0.0
1634982120000,9,6.0,0.0
1634982180000,9,13.0,35.0
1634982300000,9,0.0,10.0
1634982360000,9,0.0,39.0
1634982600000,9,71.0,62.0
1634982660000,9,98.0,106.0
1634982720000,9,94.0,97.0
1634982780000,9,112.0,115.0
1634982840000,9,112.0,112.0
1634982900000,9,105.0,117.0
1634982960000,9,80.0,73.0
1634983020000,9,34.0,31.0
1634983080000,9,27.0,46.0
1634983140000,9,0.0,31.0
1634983200000,9,0.0,38.0
1634983260000,9,0.0,18.0
1634984280000,9,0.0,21.0
1634984340000,9,0.0,29.0
1634985060000,9,0.0,10.0
1634986500000,9,0.0,13.0
1634991900000,9,0.0,10.0
1635042300000,9,19.0,0.0
1635042360000,9,46.0,0.0
1635044040000,9,9.0,0.0
1635044100000,9,24.0,0.0
1635044160000,9,10.0,0.0
1635044220000,9,29.0,0.0
1635044280000,9,11.0,0.0
1635044580000,9,63.0,0.0
1635045180000,9,17.0,0.0
1635045240000,9,4.0,0.0
1635045540000,9,36.0,0.0
1635045720000,9,22.0,0.0
1635065880000,9,0.0,11.0
1635065940000,9,0.0,10.0
1635066960000,9,0.0,11.0
1635067440000,9,0.0,10.0
1635067500000,9,43.0,21.0
1635067560000,9,54.0,40.0
1635067620000,9,22.0,21.0
1635071520000,9,0.0,13.0
1635071760000,9,0.0,12.0
1635071820000,9,0.0,6.0
1635073380000,9,12.0,0.0
1635073440000,9,7.0,11.0
1635073500000,9,0.0,20.0
1635073560000,9,17.0,17.0
1635073620000,9,32.0,21.0
1635073680000,9,55.0,52.0
1635073740000,9,13.0,10.0
1635073800000,9,0.0,25.0
1635073980000,9,0.0,12.0
1635074100000,9,0.0,19.0
1635074340000,9,0.0,14.0
1635074400000,9,0.0,34.0
1635074460000,9,0.0,2.0
1635074580000,9,0.0,12.0
1635075120000,9,33.0,20.0
1635075180000,9,109.0,97.0
1635075240000,9,73.0,90.0
1635075300000,9,0.0,10.0
1635076620000,9,0.0,11.0
1635076680000,9,0.0,23.0
1635076740000,9,0.0,105.0
1635077160000,9,10.0,0.0
1635080340000,9,0.0,14.0
1635082860000,9,36.0,19.0
1635082920000,9,7.0,25.0
1635083100000,9,20.0,0.0
1635083160000,9,28.0,37.0
1635084600000,9,18.0,0.0
1635094020000,9,39.0,16.0
1635094080000,9,9.0,14.0
1635094140000,9,59.0,70.0
1635094200000,9,12.0,0.0
1635094260000,9,10.0,0.0
1635114300000,9,13.0,0.0
1635115020000,9,26.0,0.0
1635115080000,9,30.0,0.0
1635115140000,9,13.0,0.0
1635116100000,9,7.0,0.0
1635116160000,9,10.0,0.0
1635116220000,9,39.0,0.0
1635116400000,9,39.0,0.0
1635117240000,9,11.0,0.0
1635117300000,9,21.0,0.0
1635117420000,9,42.0,0.0
1635117480000,9,4.0,0.0
1635120600000,9,46.0,0.0
1635120660000,9,52.0,0.0
1635121380000,9,18.0,16.0
1635121440000,9,88.0,104.0
1635121500000,9,39.0,52.0
1635121560000,9,128.0,125.0
1635121620000,9,125.0,125.0
1635121680000,9,123.0,128.0
1635121740000,9,85.0,103.0
1635121860000,9,13.0,11.0
1635121980000,9,7.0,0.0
1635123360000,9,0.0,14.0
1635128940000,9,45.0,34.0
1635129000000,9,36.0,35.0
1635129180000,9,9.0,0.0
1635129540000,9,0.0,15.0
1635130200000,9,0.0,15.0
1635130260000,9,0.0,15.0
1635130440000,9,0.0,11.0
1635131340000,9,0.0,28.0
1635131520000,9,0.0,10.0
1635131880000,9,0.0,10.0
1635133260000,9,0.0,11.0
1635133740000,9,0.0,59.0
1635133800000,9,0.0,13.0
1635134220000,9,0.0,18.0
1635134280000,9,18.0,0.0
1635134340000,9,16.0,0.0
1635134400000,9,125.0,123.0
1635134460000,9,114.0,115.0
1635134520000,9,111.0,109.0
1635134580000,9,126.0,126.0
1635134640000,9,123.0,123.0
1635134700000,9,128.0,127.0
1635134760000,9,118.0,118.0
1635134820000,9,115.0,116.0
1635134880000,9,80.0,91.0
1635134940000,9,14.0,25.0
1635135900000,9,9.0,0.0
1635135960000,9,44.0,32.0
1635136500000,9,120.0,120.0
1635136560000,9,115.0,117.0
1635136620000,9,107.0,107.0
1635136680000,9,109.0,109.0
1635136740000,9,106.0,108.0
1635136800000,9,96.0,95.0
1635136860000,9,99.0,98.0
1635136920000,9,111.0,110.0
1635136980000,9,106.0,111.0
1635137040000,9,98.0,92.0
1635148260000,9,45.0,37.0
1635148320000,9,23.0,13.0
1635148380000,9,29.0,29.0
1635148440000,9,48.0,64.0
1635148500000,9,12.0,17.0
1635148560000,9,67.0,86.0
1635148620000,9,70.0,88.0
1635148680000,9,88.0,99.0
1635148740000,9,86.0,92.0
1635148800000,9,106.0,104.0
1635148860000,9,46.0,53.0
1635148920000,9,0.0,35.0
1635148980000,9,0.0,22.0
1635149040000,9,0.0,6.0
1635151380000,9,33.0,11.0
1635151620000,9,12.0,0.0
1635151740000,9,23.0,36.0
1635152520000,9,7.0,0.0
1635156720000,9,0.0,11.0
1635156780000,9,0.0,12.0
1635157560000,9,0.0,14.0
1635157620000,9,0.0,8.0
1635157740000,9,7.0,0.0
1635157800000,9,102.0,88.0
1635157860000,9,46.0,11.0
1635157920000,9,52.0,30.0
1635157980000,9,99.0,97.0
1635158040000,9,7.0,8.0
1635158100000,9,32.0,21.0
1635158160000,9,11.0,0.0
1635158940000,9,68.0,50.0
1635159060000,9,7.0,0.0
1635160140000,9,6.0,0.0
1635165060000,9,10.0,0.0
1635165120000,9,30.0,17.0
1635165180000,9,38.0,44.0
1635165240000,9,0.0,7.0
1635167160000,9,0.0,12.0
1635173880000,9,0.0,40.0
1635173940000,9,0.0,13.0
1635174000000,9,0.0,38.0
1635174060000,9,0.0,25.0
1635174180000,9,0.0,10.0
1635201000000,9,0.0,11.0
1635202800000,9,60.0,0.0
1635202860000,9,30.0,0.0
1635203820000,9,47.0,0.0
1635205860000,9,12.0,0.0
1635206100000,9,6.0,0.0
1635206580000,9,9.0,0.0
1635206640000,9,9.0,0.0
1635206700000,9,23.0,30.0
1635206760000,9,19.0,18.0
1635206880000,9,13.0,13.0
1635206940000,9,0.0,13.0
1635207000000,9,8.0,0.0
1635207060000,9,47.0,18.0
1635207540000,9,0.0,10.0
1635207720000,9,89.0,83.0
1635207780000,9,120.0,121.0
1635207840000,9,122.0,122.0
1635207900000,9,123.0,124.0
1635207960000,9,96.0,108.0
1635208020000,9,34.0,33.0
1635208080000,9,62.0,64.0
1635212880000,9,0.0,10.0
1635217680000,9,30.0,20.0
1635217740000,9,117.0,127.0
1635217800000,9,115.0,120.0
1635217860000,9,112.0,113.0
1635217920000,9,126.0,126.0
1635217980000,9,128.0,128.0
1635218040000,9,124.0,124.0
1635218100000,9,128.0,128.0
1635218160000,9,123.0,122.0
1635218220000,9,116.0,116.0
1635218280000,9,36.0,18.0
1635219780000,9,17.0,0.0
1635219840000,9,3.0,0.0
1635219900000,9,18.0,0.0
1635219960000,9,68.0,55.0
1635220020000,9,41.0,48.0
1635220080000,9,74.0,65.0
1635220140000,9,13.0,15.0
1635220200000,9,12.0,0.0
1635220260000,9,7.0,0.0
1635220380000,9,102.0,104.0
1635220440000,9,112.0,112.0
1635220500000,9,115.0,118.0
1635220560000,9,108.0,107.0
1635220620000,9,113.0,113.0
1635220680000,9,105.0,105.0
1635220740000,9,104.0,105.0
1635220800000,9,113.0,109.0
1635220860000,9,110.0,110.0
1635220920000,9,106.0,98.0
1635220980000,9,39.0,23.0
1635221340000,9,45.0,38.0
1635221400000,9,37.0,33.0
1635221460000,9,0.0,11.0
1635222180000,9,0.0,10.0
1635224040000,9,0.0,27.0
1635228120000,9,0.0,11.0
1635228180000,9,12.0,0.0
1635230520000,9,0.0,10.0
1635230580000,9,10.0,0.0
1635230640000,9,25.0,13.0
1635230700000,9,104.0,109.0
1635230760000,9,60.0,89.0
1635230820000,9,0.0,3.0
1635231000000,9,22.0,21.0
1635231060000,9,48.0,60.0
1635231180000,9,13.0,0.0
1635231960000,9,36.0,33.0
1635232020000,9,103.0,101.0
1635232080000,9,95.0,100.0
1635232140000,9,105.0,105.0
1635232200000,9,93.0,99.0
1635232260000,9,58.0,55.0
1635232320000,9,0.0,10.0
1635232500000,9,26.0,42.0
1635232560000,9,12.0,10.0
1635232620000,9,15.0,17.0
1635232680000,9,49.0,47.0
1635232800000,9,0.0,12.0
1635234480000,9,10.0,0.0
1635241740000,9,14.0,0.0
1635242160000,9,41.0,0.0
1635242220000,9,32.0,0.0
1635242280000,9,24.0,0.0
1635244920000,9,65.0,0.0
1635244980000,9,64.0,0.0
1635245100000,9,48.0,0.0
1635245160000,9,61.0,0.0
1635245220000,9,5.0,0.0
1635247020000,9,10.0,0.0
1635247080000,9,89.0,0.0
1635247140000,9,72.0,0.0
1635247200000,9,78.0,0.0
1635247260000,9,38.0,0.0
1635247320000,9,7.0,0.0
1635256320000,9,6.0,0.0
1635294660000,9,38.0,36.0
1635294720000,9,53.0,55.0
1635294840000,9,57.0,0.0
1635295740000,9,8.0,0.0
1635295800000,9,50.0,0.0
1635295920000,9,39.0,0.0
1635296100000,9,14.0,0.0
1635296160000,9,51.0,0.0
1635297000000,9,35.0,0.0
1635297240000,9,18.0,0.0
1635297300000,9,33.0,0.0
1635297360000,9,31.0,0.0
1635298320000,9,40.0,0.0
1635298380000,9,67.0,0.0
1635298440000,9,72.0,0.0
1635298500000,9,19.0,0.0
1635299280000,9,14.0,0.0
1635299340000,9,7.0,0.0
1635299700000,9,6.0,0.0
1635304320000,9,11.0,0.0
1635305040000,9,34.0,0.0
1635305100000,9,44.0,0.0
1635305160000,9,20.0,0.0
1635306840000,9,0.0,66.0
1635306900000,9,0.0,10.0
1635307260000,9,0.0,24.0
1635307380000,9,8.0,13.0
1635307440000,9,59.0,67.0
1635307500000,9,87.0,94.0
1635307560000,9,92.0,84.0
1635307620000,9,118.0,119.0
1635307680000,9,125.0,133.0
1635307740000,9,121.0,120.0
1635307800000,9,104.0,87.0
1635307860000,9,0.0,15.0
1635310560000,9,0.0,12.0
1635314460000,9,15.0,21.0
1635314520000,9,77.0,82.0
1635314580000,9,69.0,87.0
1635314880000,9,9.0,0.0
1635314940000,9,6.0,0.0
1635315000000,9,84.0,78.0
1635315060000,9,62.0,75.0
1635316920000,9,21.0,20.0
1635316980000,9,55.0,21.0
1635317040000,9,108.0,105.0
1635317100000,9,28.0,54.0
1635317280000,9,75.0,71.0
1635317340000,9,71.0,81.0
1635317400000,9,50.0,55.0
1635317820000,9,0.0,12.0
1635318120000,9,30.0,15.0
1635318180000,9,24.0,28.0
1635318240000,9,11.0,0.0
1635318480000,9,59.0,66.0
1635318540000,9,14.0,22.0
1635318600000,9,21.0,11.0
1635318660000,9,16.0,24.0
1635318720000,9,7.0,0.0
1635319200000,9,43.0,35.0
1635319260000,9,40.0,27.0
1635319320000,9,11.0,0.0
1635319440000,9,7.0,0.0
1635319560000,9,0.0,11.0
1635319620000,9,0.0,11.0
1635319740000,9,9.0,15.0
1635319860000,9,51.0,59.0
1635319920000,9,75.0,74.0
1635319980000,9,13.0,13.0
1635320040000,9,93.0,87.0
1635320100000,9,96.0,96.0
1635320160000,9,93.0,92.0
1635320220000,9,83.0,96.0
1635320280000,9,72.0,82.0
1635320340000,9,91.0,91.0
1635320400000,9,55.0,58.0
1635320460000,9,87.0,92.0
1635320520000,9,39.0,26.0
1635320580000,9,8.0,0.0
1635320640000,9,0.0,22.0
1635322980000,9,15.0,0.0
1635323040000,9,99.0,0.0
1635323100000,9,62.0,0.0
1635323160000,9,81.0,0.0
1635337020000,9,6.0,0.0
1635340920000,9,8.0,0.0
1635340980000,9,61.0,59.0
1635341220000,9,13.0,17.0
1635341400000,9,50.0,33.0
1635341520000,9,0.0,12.0
1635341580000,9,103.0,110.0
1635341640000,9,44.0,54.0
1635341700000,9,54.0,62.0
1635341760000,9,12.0,38.0
1635341820000,9,0.0,11.0
1635341880000,9,0.0,33.0
1635342240000,9,0.0,10.0
1635344340000,9,45.0,42.0
1635344520000,9,39.0,30.0
1635345420000,9,9.0,0.0
1635376500000,9,0.0,15.0
1635377520000,9,0.0,15.0
1635377640000,9,0.0,13.0
1635378120000,9,0.0,17.0
1635378300000,9,0.0,39.0
1635378360000,9,0.0,49.0
1635378420000,9,0.0,137.0
1635378480000,9,0.0,31.0
1635379320000,9,0.0,17.0
1635379380000,9,0.0,10.0
1635379440000,9,0.0,12.0
1635380340000,9,0.0,10.0
1635380520000,9,61.0,33.0
1635380580000,9,112.0,119.0
1635380640000,9,121.0,122.0
1635380700000,9,118.0,122.0
1635380760000,9,100.0,97.0
1635380820000,9,68.0,75.0
1635380880000,9,71.0,62.0
1635380940000,9,25.0,30.0
1635381240000,9,0.0,22.0
1635388680000,9,0.0,11.0
1635388740000,9,0.0,16.0
1635388920000,9,83.0,95.0
1635388980000,9,80.0,71.0
1635389040000,9,66.0,80.0
1635389100000,9,109.0,109.0
1635389160000,9,93.0,98.0
1635389220000,9,114.0,102.0
1635389280000,9,84.0,92.0
1635389400000,9,63.0,45.0
1635389460000,9,35.0,44.0
1635389520000,9,19.0,15.0
1635389580000,9,115.0,109.0
1635389640000,9,100.0,92.0
1635389700000,9,110.0,119.0
1635389760000,9,121.0,115.0
1635389820000,9,128.0,126.0
1635389880000,9,112.0,77.0
1635389940000,9,66.0,49.0
1635390000000,9,106.0,103.0
1635390060000,9,43.0,50.0
1635390300000,9,23.0,14.0
1635390360000,9,48.0,0.0
1635390540000,9,20.0,0.0
1635394080000,9,34.0,19.0
1635394140000,9,23.0,31.0
1635394200000,9,125.0,114.0
1635394260000,9,116.0,115.0
1635394320000,9,79.0,81.0
1635394380000,9,44.0,31.0
1635394440000,9,91.0,100.0
1635394500000,9,76.0,74.0
1635394560000,9,70.0,68.0
1635394620000,9,55.0,63.0
1635394680000,9,23.0,12.0
1635394740000,9,8.0,0.0
1635394800000,9,0.0,12.0
1635394860000,9,6.0,0.0
1635395340000,9,111.0,112.0
1635395400000,9,114.0,113.0
1635395460000,9,60.0,67.0
1635395520000,9,0.0,10.0
1635395580000,9,0.0,40.0
1635395640000,9,63.0,58.0
1635395760000,9,25.0,25.0
1635399120000,9,17.0,0.0
1635399180000,9,17.0,0.0
1635399300000,9,19.0,23.0
1635399360000,9,87.0,77.0
1635399420000,9,36.0,20.0
1635399480000,9,114.0,113.0
1635399540000,9,120.0,132.0
1635399600000,9,124.0,115.0
1635399660000,9,121.0,115.0
1635399720000,9,116.0,114.0
1635399780000,9,116.0,117.0
1635399840000,9,93.0,71.0
1635399900000,9,16.0,0.0
1635400020000,9,39.0,48.0
1635400080000,9,39.0,55.0
1635400140000,9,41.0,46.0
1635401580000,9,24.0,60.0
1635401640000,9,36.0,37.0
1635401760000,9,115.0,112.0
1635401820000,9,119.0,121.0
1635401880000,9,116.0,117.0
1635401940000,9,118.0,99.0
1635402000000,9,113.0,0.0
1635402060000,9,103.0,24.0
1635402120000,9,83.0,80.0
1635402180000,9,19.0,12.0
1635402240000,9,122.0,120.0
1635402300000,9,32.0,34.0
1635402420000,9,31.0,33.0
1635403020000,9,58.0,73.0
1635403080000,9,115.0,116.0
1635403140000,9,116.0,116.0
1635403200000,9,35.0,37.0
1635403260000,9,10.0,0.0
1635403320000,9,40.0,0.0
1635403380000,9,0.0,48.0
1635403440000,9,0.0,42.0
1635403500000,9,0.0,34.0
1635403560000,9,15.0,0.0
1635403680000,9,0.0,45.0
1635403740000,9,0.0,64.0
1635403800000,9,0.0,21.0
1635403860000,9,0.0,10.0
1635403920000,9,0.0,31.0
1635403980000,9,0.0,36.0
1635404040000,9,0.0,48.0
1635414060000,9,12.0,0.0
1635415020000,9,19.0,0.0
1635416940000,9,12.0,0.0
1635421860000,9,6.0,0.0
1635425040000,9,17.0,0.0
1635425100000,9,10.0,0.0
1635425340000,9,9.0,0.0
1635425460000,9,8.0,0.0
1635425580000,9,25.0,0.0
1635425640000,9,7.0,0.0
1635425820000,9,13.0,0.0
1635425880000,9,39.0,38.0
1635426000000,9,0.0,20.0
1635426060000,9,0.0,5.0
1635426180000,9,11.0,29.0
1635426240000,9,0.0,14.0
1635426300000,9,16.0,8.0
1635426660000,9,0.0,17.0
1635427740000,9,0.0,47.0
1635430920000,9,0.0,14.0
1635451320000,9,0.0,20.0
1635463560000,9,0.0,12.0
1635464520000,9,0.0,10.0
1635470160000,9,0.0,26.0
1635470220000,9,0.0,14.0
1635470520000,9,0.0,10.0
1635470580000,9,0.0,27.0
1635472020000,9,0.0,13.0
1635472140000,9,0.0,20.0
1635472320000,9,0.0,37.0
1635472380000,9,0.0,58.0
1635472440000,9,16.0,5.0
1635475020000,9,0.0,33.0
1635475080000,9,0.0,20.0
1635475140000,9,8.0,16.0
1635475200000,9,0.0,15.0
1635475860000,9,0.0,11.0
1635476220000,9,0.0,15.0
1635476340000,9,0.0,29.0
1635476400000,9,0.0,8.0
1635476760000,9,0.0,23.0
1635476880000,9,17.0,16.0
1635477300000,9,0.0,29.0
1635477360000,9,0.0,14.0
1635477540000,9,0.0,13.0
1635477600000,9,0.0,15.0
1635478140000,9,8.0,0.0
1635480480000,9,0.0,11.0
1635486240000,9,0.0,47.0
1635486480000,9,0.0,41.0
1635486540000,9,0.0,13.0
1635486600000,9,0.0,3.0
1635488220000,9,0.0,12.0
1635488340000,9,0.0,24.0
1635488400000,9,0.0,14.0
1635488460000,9,0.0,29.0
1635488580000,9,0.0,53.0
1635491940000,9,0.0,11.0
1635492000000,9,0.0,26.0
1635493380000,9,0.0,14.0
1635499500000,9,0.0,13.0
1635499740000,9,0.0,10.0
1635503760000,9,0.0,17.0
1635504720000,9,0.0,27.0
1635505020000,9,0.0,15.0
1635505080000,9,0.0,14.0
1635505200000,9,0.0,11.0
1635505260000,9,0.0,36.0
1635505320000,9,0.0,11.0
1635505380000,9,0.0,10.0
1635505620000,9,0.0,11.0
1635508380000,9,0.0,17.0
1635508440000,9,0.0,8.0
1635509820000,9,0.0,17.0
1635509880000,9,0.0,40.0
1635512880000,9,0.0,10.0
1635512940000,9,0.0,8.0
1635514680000,9,51.0,0.0
1635514740000,9,10.0,0.0
1635518820000,9,13.0,0.0
1635560460000,9,0.0,12.0
1635563280000,9,0.0,35.0
1635565080000,9,0.0,17.0
1635565440000,9,0.0,15.0
1635565500000,9,0.0,12.0
1635566100000,9,0.0,22.0
1635566160000,9,0.0,33.0
1635583620000,9,0.0,30.0
1635583680000,9,0.0,14.0
1635583740000,9,0.0,24.0
1635583860000,9,0.0,27.0
1635584460000,9,0.0,27.0
1635584520000,9,0.0,17.0
1635584580000,9,0.0,17.0
1635584700000,9,0.0,25.0
1635584880000,9,111.0,106.0
1635584940000,9,114.0,114.0
1635585000000,9,115.0,115.0
1635585060000,9,122.0,121.0
1635585120000,9,123.0,122.0
1635585180000,9,114.0,115.0
1635585240000,9,116.0,115.0
1635585300000,9,117.0,117.0
1635585360000,9,118.0,117.0
1635585420000,9,112.0,112.0
1635585480000,9,112.0,114.0
1635585540000,9,111.0,112.0
1635585600000,9,120.0,118.0
1635585660000,9,97.0,103.0
1635585720000,9,0.0,32.0
1635587040000,9,36.0,11.0
1635587100000,9,1.0,10.0
1635587460000,9,0.0,10.0
1635587520000,9,0.0,10.0
1635587640000,9,0.0,17.0
1635590460000,9,64.0,73.0
1635590520000,9,24.0,25.0
1635590580000,9,99.0,94.0
1635590640000,9,103.0,103.0
1635590700000,9,89.0,96.0
1635590760000,9,42.0,32.0
1635591000000,9,7.0,0.0
1635591120000,9,66.0,47.0
1635591180000,9,102.0,107.0
1635591240000,9,78.0,63.0
1635591300000,9,92.0,92.0
1635591360000,9,91.0,90.0
1635591420000,9,81.0,89.0
1635591480000,9,102.0,99.0
1635591540000,9,90.0,91.0
1635591600000,9,92.0,84.0
1635591660000,9,78.0,96.0
1635591720000,9,83.0,94.0
1635591780000,9,102.0,103.0
1635591840000,9,66.0,47.0
1635591900000,9,108.0,109.0
1635591960000,9,98.0,95.0
1635592020000,9,103.0,102.0
1635592080000,9,97.0,98.0
1635592140000,9,74.0,81.0
1635592200000,9,13.0,2.0
1635592260000,9,8.0,0.0
1635592320000,9,0.0,10.0
1635592440000,9,25.0,12.0
1635592680000,9,12.0,0.0
1635593220000,9,21.0,10.0
1635593280000,9,0.0,38.0
1635593340000,9,15.0,12.0
1635593400000,9,16.0,5.0
1635593880000,9,22.0,43.0
1635593940000,9,0.0,51.0
1635597000000,9,0.0,17.0
1635651300000,9,22.0,0.0
1635653400000,9,14.0,0.0
1635653460000,9,31.0,0.0
1635653520000,9,17.0,0.0
1635671400000,9,0.0,16.0
1635671520000,9,26.0,11.0
1635671580000,9,27.0,15.0
1635671700000,9,21.0,0.0
1635671760000,9,49.0,52.0
1635671820000,9,0.0,11.0
1635671940000,9,0.0,14.0
1635672540000,9,0.0,11.0
1635677580000,9,0.0,10.0
1635677640000,9,59.0,46.0
1635677700000,9,58.0,34.0
1635677760000,9,61.0,44.0
1635678300000,9,0.0,17.0
1635678360000,9,0.0,11.0
1635679680000,9,22.0,0.0
1635679920000,9,32.0,0.0
1635686340000,9,0.0,28.0
1635687780000,9,17.0,0.0
1635687840000,9,6.0,0.0
1635689400000,9,6.0,0.0
1635689940000,9,12.0,0.0
1635698700000,9,0.0,12.0
1635698760000,9,0.0,10.0
1635721080000,9,15.0,10.0
1635721200000,9,8.0,0.0
1635721260000,9,51.0,0.0
1635722220000,9,50.0,0.0
1635722340000,9,34.0,0.0
1635722460000,9,7.0,0.0
1635722520000,9,8.0,0.0
1635722640000,9,24.0,0.0
1635722700000,9,38.0,0.0
1635723420000,9,6.0,0.0
1635723660000,9,23.0,25.0
1635723720000,9,32.0,26.0
1635723840000,9,0.0,7.0
1635723900000,9,11.0,0.0
1635724500000,9,9.0,0.0
1635725460000,9,7.0,0.0
1635726120000,9,47.0,40.0
1635726180000,9,89.0,84.0
1635726240000,9,94.0,85.0
1635726300000,9,122.0,120.0
1635726360000,9,125.0,126.0
1635726420000,9,117.0,118.0
1635726480000,9,73.0,76.0
1635726540000,9,37.0,8.0
1635727380000,9,0.0,22.0
1635736140000,9,0.0,10.0
1635738180000,9,0.0,15.0
1635738240000,9,0.0,10.0
1635739260000,9,47.0,39.0
1635739320000,9,32.0,22.0
1635739380000,9,105.0,55.0
1635739440000,9,112.0,111.0
1635739500000,9,120.0,119.0
1635739560000,9,127.0,128.0
1635739620000,9,129.0,129.0
1635739680000,9,125.0,123.0
1635739740000,9,128.0,132.0
1635739800000,9,118.0,118.0
1635739860000,9,118.0,120.0
1635739920000,9,30.0,26.0
1635739980000,9,15.0,0.0
1635740160000,9,19.0,0.0
1635740700000,9,24.0,10.0
1635740760000,9,0.0,12.0
1635740880000,9,39.0,38.0
1635741060000,9,28.0,35.0
1635741120000,9,22.0,16.0
1635741180000,9,55.0,49.0
1635741240000,9,70.0,70.0
1635741300000,9,16.0,13.0
1635741360000,9,60.0,57.0
1635741420000,9,50.0,59.0
1635741480000,9,46.0,47.0
1635741540000,9,107.0,107.0
1635741600000,9,110.0,108.0
1635741660000,9,114.0,114.0
1635741720000,9,108.0,108.0
1635741780000,9,113.0,111.0
1635741840000,9,109.0,112.0
1635741900000,9,100.0,99.0
1635741960000,9,111.0,114.0
1635742020000,9,113.0,113.0
1635742080000,9,93.0,93.0
1635742140000,9,57.0,68.0
1635745620000,9,20.0,0.0
1635745680000,9,9.0,0.0
1635746820000,9,7.0,0.0
1635753000000,9,46.0,31.0
1635753060000,9,56.0,79.0
1635753120000,9,78.0,107.0
1635753180000,9,93.0,91.0
1635753240000,9,100.0,107.0
1635753300000,9,87.0,104.0
1635753360000,9,66.0,92.0
1635753420000,9,95.0,99.0
1635753480000,9,84.0,89.0
1635753540000,9,82.0,76.0
1635753600000,9,30.0,29.0
1635753720000,9,0.0,25.0
1635753780000,9,0.0,16.0
1635753960000,9,0.0,14.0
1635754020000,9,6.0,0.0
1635758940000,9,0.0,13.0
1635759000000,9,0.0,16.0
1635759060000,9,0.0,21.0
1635759120000,9,0.0,11.0
1635759300000,9,0.0,7.0
1635759780000,9,0.0,10.0
1635761820000,9,0.0,24.0
1635761880000,9,0.0,12.0
1635761940000,9,0.0,11.0
1635763620000,9,0.0,28.0
1635763680000,9,0.0,90.0
1635763740000,9,0.0,86.0
1635763800000,9,0.0,39.0
1635769020000,9,57.0,0.0
1635769140000,9,59.0,0.0
1635769200000,9,19.0,0.0
1635769380000,9,8.0,0.0
1635773640000,9,21.0,0.0
1635773700000,9,29.0,0.0
1635774000000,9,57.0,0.0
1635774060000,9,12.0,0.0
1635778260000,9,0.0,32.0
1635778320000,9,0.0,10.0
1635778380000,9,0.0,24.0
1635778620000,9,0.0,12.0
1635778680000,9,0.0,38.0
1635778740000,9,0.0,15.0
1635778920000,9,0.0,11.0
1635809340000,9,33.0,0.0
1635809460000,9,42.0,0.0
1635811740000,9,0.0,10.0
1635811860000,9,0.0,16.0
1635812160000,9,34.0,0.0
1635812220000,9,0.0,11.0
1635812280000,9,30.0,39.0
1635812340000,9,30.0,26.0
1635812400000,9,8.0,9.0
1635812460000,9,8.0,10.0
1635812520000,9,46.0,51.0
1635812580000,9,85.0,88.0
1635812640000,9,124.0,123.0
1635812700000,9,124.0,122.0
1635812760000,9,118.0,118.0
1635812820000,9,97.0,96.0
1635812880000,9,38.0,54.0
1635813000000,9,0.0,14.0
1635816120000,9,8.0,0.0
1635822420000,9,10.0,0.0
1635822660000,9,8.0,0.0
1635822720000,9,34.0,23.0
1635822780000,9,17.0,23.0
1635822840000,9,112.0,113.0
1635822900000,9,121.0,123.0
1635822960000,9,116.0,118.0
1635823020000,9,123.0,123.0
1635823080000,9,124.0,124.0
1635823140000,9,124.0,124.0
1635823200000,9,130.0,130.0
1635823260000,9,122.0,122.0
1635823320000,9,124.0,120.0
1635823380000,9,62.0,65.0
1635823440000,9,6.0,0.0
1635824040000,9,0.0,29.0
1635825780000,9,53.0,49.0
1635825840000,9,116.0,114.0
1635825900000,9,119.0,117.0
1635825960000,9,105.0,109.0
1635826020000,9,117.0,117.0
1635826080000,9,39.0,42.0
1635826140000,9,100.0,97.0
1635826200000,9,117.0,119.0
1635826260000,9,122.0,119.0
1635826320000,9,119.0,120.0
1635826380000,9,13.0,23.0
1635832740000,9,0.0,10.0
1635832920000,9,7.0,0.0
1635835560000,9,19.0,12.0
1635835800000,9,11.0,0.0
1635835860000,9,0.0,12.0
1635835980000,9,11.0,0.0
1635836820000,9,0.0,15.0
1635838080000,9,0.0,11.0
1635838800000,9,0.0,11.0
1635838860000,9,0.0,10.0
1635839940000,9,43.0,43.0
1635840000000,9,10.0,10.0
1635840060000,9,9.0,0.0
1635840240000,9,25.0,24.0
1635841080000,9,13.0,0.0
1635841440000,9,0.0,16.0
1635842040000,9,37.0,35.0
1635842100000,9,59.0,77.0
1635842160000,9,80.0,76.0
1635842220000,9,108.0,100.0
1635842280000,9,18.0,20.0
1635842340000,9,77.0,83.0
1635842400000,9,74.0,102.0
1635842460000,9,94.0,96.0
1635842520000,9,82.0,85.0
1635842580000,9,85.0,90.0
1635842640000,9,100.0,102.0
1635842700000,9,108.0,106.0
1635842760000,9,30.0,43.0
1635842820000,9,0.0,12.0
1635842940000,9,0.0,27.0
1635843060000,9,0.0,11.0
1635843180000,9,0.0,36.0
1635843240000,9,0.0,16.0
1635844320000,9,0.0,10.0
1635847440000,9,0.0,10.0
1635847500000,9,0.0,107.0
1635847560000,9,0.0,52.0
1635847620000,9,0.0,9.0
1635848520000,9,0.0,26.0
1635848580000,9,0.0,32.0
1635849360000,9,0.0,20.0
1635849420000,9,0.0,26.0
1635849480000,9,0.0,11.0
1635849540000,9,0.0,41.0
1635849600000,9,0.0,43.0
1635849660000,9,0.0,62.0
1635857580000,9,8.0,0.0
1635857640000,9,43.0,0.0
1635857940000,9,17.0,0.0
1635858000000,9,31.0,0.0
1635861120000,9,7.0,0.0
1635861900000,9,6.0,0.0
1635895320000,9,6.0,0.0
1635896400000,9,20.0,0.0
1635896460000,9,35.0,0.0
1635905400000,9,20.0,0.0
1635905580000,9,34.0,0.0
1635906120000,9,51.0,0.0
1635906180000,9,95.0,0.0
1635906240000,9,56.0,0.0
1635906720000,9,0.0,29.0
1635906780000,9,0.0,17.0
1635906900000,9,0.0,10.0
1635908280000,9,0.0,13.0
1635909180000,9,0.0,38.0
1635909240000,9,0.0,121.0
1635909300000,9,0.0,77.0
1635910020000,9,11.0,0.0
1635911160000,9,7.0,12.0
1635912240000,9,0.0,13.0
1635912300000,9,8.0,0.0
1635912360000,9,88.0,89.0
1635912420000,9,92.0,93.0
1635912480000,9,128.0,127.0
1635912540000,9,136.0,123.0
1635912600000,9,106.0,94.0
1635912660000,9,21.0,25.0
1635913020000,9,0.0,28.0
1635913080000,9,0.0,21.0
1635921840000,9,39.0,0.0
1635921900000,9,78.0,37.0
1635921960000,9,119.0,123.0
1635922020000,9,56.0,48.0
1635922080000,9,10.0,7.0
1635922140000,9,7.0,17.0
1635922320000,9,74.0,70.0
1635922380000,9,104.0,101.0
1635922440000,9,106.0,103.0
1635922500000,9,107.0,105.0
1635922560000,9,103.0,107.0
1635922620000,9,41.0,40.0
1635922680000,9,11.0,0.0
1635922800000,9,0.0,18.0
1635922860000,9,0.0,21.0
1635922920000,9,0.0,25.0
1635922980000,9,0.0,18.0
1635924960000,9,16.0,0.0
1635925020000,9,18.0,0.0
1635946980000,9,47.0,0.0
1635947040000,9,53.0,0.0
1635947100000,9,49.0,0.0
1635947220000,9,35.0,0.0
1635947460000,9,29.0,0.0
1635947520000,9,38.0,0.0
1635952680000,9,17.0,0.0
1635952740000,9,27.0,0.0
1635952920000,9,11.0,0.0
1635953040000,9,13.0,0.0
1635953100000,9,44.0,0.0
1635957060000,9,7.0,0.0
1635957120000,9,21.0,0.0
1635957180000,9,8.0,0.0
1635984780000,9,0.0,10.0
1635984840000,9,0.0,20.0
1635985140000,9,35.0,10.0
1635985200000,9,43.0,34.0
1635985260000,9,109.0,87.0
1635985320000,9,118.0,119.0
1635985380000,9,126.0,125.0
1635985440000,9,123.0,125.0
1635985500000,9,105.0,108.0
1635985560000,9,17.0,35.0
1635985620000,9,0.0,1.0
1635987060000,9,0.0,10.0
1635991260000,9,10.0,14.0
1635994200000,9,11.0,0.0
1635994680000,9,11.0,0.0
1635994800000,9,56.0,37.0
1635994860000,9,117.0,118.0
1635994920000,9,111.0,110.0
1635994980000,9,120.0,118.0
1635995040000,9,118.0,124.0
1635995100000,9,125.0,124.0
1635995160000,9,125.0,125.0
1635995220000,9,128.0,127.0
1635995280000,9,113.0,112.0
1635995340000,9,120.0,115.0
1635995400000,9,122.0,119.0
1635995460000,9,119.0,113.0
1635995520000,9,82.0,86.0
1635995580000,9,16.0,0.0
1635995640000,9,0.0,12.0
1635995700000,9,50.0,58.0
1635995760000,9,18.0,20.0
1635995820000,9,24.0,20.0
1635995880000,9,81.0,84.0
1635995940000,9,79.0,80.0
1635996060000,9,20.0,17.0
1635996120000,9,26.0,10.0
1635996180000,9,8.0,7.0
1635996240000,9,13.0,0.0
1635996300000,9,31.0,46.0
1635997440000,9,31.0,10.0
1635997500000,9,140.0,126.0
1635997560000,9,126.0,117.0
1635997620000,9,128.0,124.0
1635997680000,9,123.0,114.0
1635997740000,9,113.0,115.0
1635997800000,9,122.0,118.0
1635997860000,9,125.0,116.0
1635997920000,9,121.0,119.0
1635997980000,9,122.0,117.0
1635998040000,9,120.0,112.0
1635998100000,9,77.0,73.0
1635998160000,9,86.0,94.0
1635998340000,9,18.0,0.0
1635998400000,9,31.0,10.0
1635998460000,9,78.0,0.0
1635998520000,9,151.0,156.0
1635998580000,9,142.0,143.0
1635998640000,9,155.0,155.0
1635998700000,9,145.0,144.0
1635998760000,9,146.0,133.0
1635998820000,9,26.0,0.0
1635998880000,9,27.0,0.0
1636002480000,9,42.0,0.0
1636002540000,9,72.0,78.0
1636002600000,9,18.0,50.0
1636002660000,9,18.0,0.0
1636002720000,9,86.0,96.0
1636002780000,9,117.0,116.0
1636002840000,9,121.0,120.0
1636002900000,9,73.0,77.0
1636002960000,9,73.0,76.0
1636003020000,9,66.0,59.0
1636003080000,9,90.0,95.0
1636003140000,9,37.0,66.0
1636003200000,9,51.0,43.0
1636003260000,9,32.0,34.0
1636003380000,9,26.0,0.0
1636003440000,9,29.0,29.0
1636003500000,9,40.0,39.0
1636003740000,9,11.0,0.0
1636003800000,9,14.0,0.0
1636004040000,9,6.0,0.0
1636004280000,9,7.0,0.0
1636004640000,9,30.0,0.0
1636004700000,9,65.0,51.0
1636004760000,9,51.0,35.0
1636004820000,9,22.0,0.0
1636004880000,9,92.0,98.0
1636004940000,9,28.0,35.0
1636005120000,9,7.0,0.0
1636005360000,9,19.0,0.0
1636005420000,9,1.0,0.0
1636006380000,9,0.0,10.0
1636008780000,9,25.0,25.0
1636008840000,9,116.0,111.0
1636008900000,9,115.0,117.0
1636008960000,9,92.0,74.0
1636009080000,9,29.0,15.0
1636009140000,9,0.0,9.0
1636009260000,9,0.0,42.0
1636009320000,9,0.0,11.0
1636009380000,9,0.0,33.0
1636009440000,9,0.0,62.0
1636009500000,9,0.0,43.0
1636009560000,9,27.0,67.0
1636010640000,9,6.0,0.0
1636011420000,9,14.0,0.0
1636011960000,9,7.0,0.0
1636012020000,9,0.0,20.0
1636012380000,9,0.0,17.0
1636012440000,9,0.0,10.0
1636012620000,9,0.0,29.0
1636012860000,9,0.0,10.0
1636013220000,9,0.0,58.0
1636013460000,9,0.0,36.0
1636013520000,9,7.0,36.0
1636013580000,9,5.0,7.0
1636019220000,9,0.0,22.0
1636019280000,9,0.0,20.0
1636021020000,9,0.0,11.0
1636022040000,9,0.0,20.0
1636023300000,9,0.0,15.0
1636024920000,9,0.0,40.0
1636024980000,9,0.0,17.0
1636028040000,9,0.0,37.0
1636028100000,9,0.0,14.0
1636060620000,9,0.0,11.0
1636060860000,9,12.0,0.0
1636077780000,9,0.0,22.0
1636108560000,9,28.0,0.0
1636108800000,9,6.0,0.0
1636109040000,9,14.0,0.0
1636109100000,9,7.0,0.0
1636114200000,9,15.0,0.0
1636131780000,9,19.0,0.0
1636155660000,9,0.0,10.0
1636155720000,9,0.0,35.0
1636155780000,9,0.0,34.0
1636155840000,9,0.0,15.0
1636155900000,9,49.0,49.0
1636155960000,9,47.0,60.0
1636156020000,9,135.0,124.0
1636156080000,9,69.0,74.0
1636156140000,9,35.0,35.0
1636156200000,9,84.0,96.0
1636156260000,9,20.0,17.0
1636156680000,9,20.0,0.0
1636156860000,9,0.0,11.0
1636157100000,9,20.0,0.0
1636157280000,9,102.0,48.0
1636157340000,9,0.0,1.0
1636157400000,9,99.0,101.0
1636157460000,9,117.0,104.0
1636157520000,9,65.0,41.0
1636159560000,9,6.0,0.0
1636159620000,9,9.0,0.0
1636159680000,9,68.0,59.0
1636159740000,9,91.0,78.0
1636159980000,9,23.0,29.0
1636160040000,9,96.0,57.0
1636160100000,9,117.0,105.0
1636160160000,9,88.0,85.0
1636160220000,9,101.0,99.0
1636160280000,9,118.0,105.0
1636160340000,9,117.0,105.0
1636160400000,9,6.0,0.0
1636160460000,9,0.0,11.0
1636160520000,9,7.0,0.0
1636160580000,9,87.0,54.0
1636160640000,9,109.0,98.0
1636160700000,9,43.0,48.0
1636160760000,9,0.0,8.0
1636161300000,9,0.0,11.0
1636161360000,9,63.0,35.0
1636161420000,9,112.0,122.0
1636161480000,9,113.0,117.0
1636161540000,9,45.0,42.0
1636161600000,9,0.0,45.0
1636161660000,9,0.0,58.0
1636161720000,9,7.0,30.0
1636161780000,9,7.0,22.0
1636161840000,9,0.0,37.0
1636161900000,9,0.0,19.0
1636162080000,9,27.0,12.0
1636162200000,9,0.0,75.0
1636162260000,9,0.0,117.0
1636162320000,9,0.0,23.0
1636162440000,9,0.0,14.0
1636162500000,9,0.0,36.0
1636162560000,9,0.0,14.0
1636163100000,9,0.0,31.0
1636163220000,9,0.0,24.0
1636163280000,9,13.0,19.0
1636163400000,9,7.0,0.0
1636163460000,9,9.0,12.0
1636163520000,9,11.0,0.0
1636163880000,9,0.0,12.0
1636164060000,9,6.0,0.0
1636164120000,9,8.0,11.0
1636164240000,9,10.0,10.0
1636164300000,9,0.0,2.0
1636164420000,9,10.0,0.0
1636164540000,9,7.0,0.0
1636164600000,9,7.0,0.0
1636164660000,9,12.0,0.0
1636164720000,9,15.0,13.0
1636164780000,9,10.0,0.0
1636165560000,9,0.0,12.0
1636165740000,9,0.0,26.0
1636165800000,9,0.0,21.0
1636166640000,9,0.0,16.0
1636166700000,9,0.0,13.0
1636166760000,9,0.0,22.0
1636166880000,9,0.0,20.0
1636167120000,9,0.0,13.0
1636167180000,9,0.0,16.0
1636167240000,9,0.0,10.0
1636167300000,9,0.0,11.0
1636167540000,9,0.0,32.0
1636168260000,9,0.0,38.0
1636168320000,9,0.0,1.0
1636168680000,9,0.0,21.0
1636168800000,9,0.0,11.0
1636168920000,9,0.0,12.0
1636168980000,9,0.0,25.0
1636169100000,9,0.0,12.0
1636169220000,9,0.0,10.0
1636169340000,9,0.0,37.0
1636169400000,9,0.0,44.0
1636169460000,9,0.0,11.0
1636169520000,9,0.0,11.0
1636169640000,9,0.0,17.0
1636169760000,9,0.0,44.0
1636169880000,9,0.0,12.0
1636170060000,9,0.0,18.0
1636170180000,9,0.0,14.0
1636170300000,9,0.0,23.0
1636170360000,9,0.0,22.0
1636170420000,9,0.0,31.0
1636170720000,9,0.0,10.0
1636170840000,9,0.0,19.0
1636170960000,9,0.0,28.0
1636171020000,9,0.0,27.0
1636171080000,9,0.0,23.0
1636171140000,9,0.0,10.0
1636171200000,9,0.0,1.0
1636171260000,9,0.0,10.0
1636171320000,9,0.0,28.0
1636171500000,9,0.0,21.0
1636171620000,9,0.0,11.0
1636171800000,9,0.0,28.0
1636171860000,9,0.0,8.0
1636172040000,9,0.0,34.0
1636172100000,9,0.0,8.0
1636172160000,9,45.0,25.0
1636172280000,9,16.0,14.0
1636172400000,9,16.0,18.0
1636172460000,9,15.0,0.0
1636172700000,9,21.0,0.0
1636172760000,9,0.0,29.0
1636172820000,9,14.0,0.0
1636172880000,9,7.0,15.0
1636172940000,9,11.0,10.0
1636173000000,9,15.0,0.0
1636173060000,9,8.0,28.0
1636173180000,9,28.0,35.0
1636173240000,9,18.0,28.0
1636173300000,9,15.0,16.0
1636173360000,9,0.0,12.0
1636173480000,9,23.0,0.0
1636173540000,9,0.0,17.0
1636173600000,9,0.0,11.0
1636173780000,9,0.0,26.0
1636173840000,9,0.0,42.0
1636173900000,9,0.0,36.0
1636173960000,9,39.0,47.0
1636174020000,9,0.0,39.0
1636174140000,9,0.0,11.0
1636174260000,9,0.0,11.0
1636174320000,9,0.0,16.0
1636174380000,9,19.0,10.0
1636174440000,9,35.0,35.0
1636174500000,9,27.0,24.0
1636175280000,9,14.0,0.0
1636175340000,9,26.0,29.0
1636175400000,9,24.0,30.0
1636175460000,9,7.0,0.0
1636175580000,9,6.0,0.0
1636175820000,9,40.0,30.0
1636175880000,9,33.0,10.0
1636176000000,9,0.0,11.0
1636177440000,9,0.0,11.0
1636178100000,9,67.0,45.0
1636178340000,9,0.0,10.0
1636178400000,9,0.0,16.0
1636178460000,9,7.0,0.0
1636178520000,9,18.0,55.0
1636178580000,9,0.0,46.0
1636178640000,9,0.0,11.0
1636178700000,9,0.0,15.0
1636183200000,9,22.0,0.0
1636183260000,9,11.0,0.0
1636183320000,9,13.0,17.0
1636183380000,9,0.0,29.0
1636183440000,9,18.0,9.0
1636183500000,9,16.0,0.0
1636183920000,9,7.0,0.0
1636183980000,9,7.0,0.0
1636184040000,9,0.0,11.0
1636184580000,9,21.0,15.0
1636184640000,9,8.0,0.0
1636184820000,9,20.0,0.0
1636185600000,9,0.0,25.0
1636185780000,9,0.0,11.0
1636185840000,9,13.0,12.0
1636186680000,9,16.0,44.0
1636186800000,9,0.0,20.0
1636187340000,9,0.0,26.0
1636188120000,9,0.0,23.0
1636188180000,9,19.0,17.0
1636189140000,9,0.0,25.0
1636189200000,9,0.0,14.0
1636189260000,9,21.0,0.0
1636189320000,9,17.0,18.0
1636190280000,9,12.0,14.0
1636190340000,9,18.0,0.0
1636190520000,9,11.0,0.0
1636194360000,9,8.0,0.0
1636195200000,9,15.0,0.0
1636195260000,9,48.0,11.0
1636195320000,9,0.0,11.0
1636195440000,9,7.0,0.0
1636195500000,9,10.0,12.0
1636197240000,9,50.0,14.0
1636197420000,9,0.0,12.0
1636197600000,9,0.0,20.0
1636197780000,9,0.0,21.0
1636197840000,9,0.0,10.0
1636198920000,9,0.0,10.0
1636199100000,9,0.0,7.0
1636199520000,9,11.0,12.0
1636199580000,9,11.0,0.0
1636201320000,9,17.0,0.0
1636201440000,9,20.0,0.0
1636201500000,9,21.0,10.0
1636201560000,9,29.0,12.0
1636201620000,9,102.0,42.0
1636201680000,9,38.0,0.0
1636201740000,9,0.0,11.0
1636201800000,9,0.0,11.0
1636202640000,9,14.0,0.0
1636202820000,9,29.0,0.0
1636203120000,9,26.0,0.0
1636203180000,9,12.0,0.0
1636203240000,9,12.0,10.0
1636203360000,9,19.0,0.0
1636203720000,9,14.0,0.0
1636204020000,9,21.0,0.0
1636204200000,9,0.0,11.0
1636204260000,9,0.0,3.0
1636204320000,9,18.0,36.0
1636204380000,9,0.0,10.0
1636204440000,9,47.0,41.0
1636204500000,9,58.0,57.0
1636204620000,9,25.0,0.0
1636204680000,9,49.0,32.0
1636204740000,9,3.0,15.0
1636204800000,9,0.0,11.0
1636204860000,9,0.0,49.0
1636205280000,9,0.0,31.0
1636205400000,9,0.0,38.0
1636205460000,9,0.0,30.0
1636277340000,9,0.0,11.0
1636277400000,9,21.0,0.0
1636277460000,9,30.0,0.0
1636277520000,9,40.0,45.0
1636277580000,9,36.0,30.0
1636277640000,9,0.0,11.0
1636277700000,9,28.0,14.0
1636277820000,9,6.0,0.0
1636278000000,9,6.0,0.0
1636282380000,9,0.0,13.0
1636282980000,9,35.0,32.0
1636283040000,9,14.0,15.0
1636283100000,9,15.0,15.0
1636283160000,9,38.0,26.0
1636283220000,9,25.0,13.0
1636283400000,9,0.0,22.0
1636283520000,9,35.0,14.0
1636283580000,9,42.0,11.0
1636283640000,9,56.0,61.0
1636283700000,9,47.0,18.0
1636284480000,9,11.0,0.0
1636284540000,9,33.0,0.0
1636284600000,9,24.0,0.0
1636284660000,9,10.0,0.0
1636285080000,9,32.0,0.0
1636285140000,9,1.0,0.0
1636285200000,9,81.0,0.0
1636285260000,9,80.0,0.0
1636285320000,9,69.0,0.0
1636285560000,9,7.0,0.0
1636289520000,9,9.0,0.0
1636298160000,9,0.0,44.0
1636298220000,9,0.0,11.0
1636298280000,9,0.0,24.0
1636327440000,9,24.0,0.0
1636327920000,9,36.0,0.0
1636327980000,9,11.0,0.0
1636328220000,9,8.0,0.0
1636328280000,9,13.0,0.0
1636329120000,9,0.0,66.0
1636329180000,9,0.0,6.0
1636330020000,9,0.0,42.0
1636330080000,9,0.0,35.0
1636330140000,9,0.0,98.0
1636330200000,9,0.0,96.0
1636330560000,9,0.0,11.0
1636330680000,9,37.0,27.0
1636330740000,9,70.0,78.0
1636330800000,9,8.0,0.0
1636330860000,9,34.0,24.0
1636330920000,9,176.0,180.0
1636330980000,9,113.0,132.0
1636331040000,9,87.0,85.0
1636331100000,9,52.0,68.0
1636331160000,9,0.0,11.0
1636331220000,9,38.0,53.0
1636331280000,9,0.0,26.0
1636331400000,9,11.0,0.0
1636338240000,9,0.0,11.0
1636338780000,9,32.0,24.0
1636338840000,9,25.0,19.0
1636338900000,9,52.0,30.0
1636338960000,9,52.0,28.0
1636339020000,9,47.0,0.0
1636339080000,9,57.0,45.0
1636339140000,9,50.0,44.0
1636339200000,9,84.0,95.0
1636339380000,9,0.0,28.0
1636339440000,9,0.0,10.0
1636339500000,9,0.0,45.0
1636339560000,9,0.0,9.0
1636340520000,9,0.0,10.0
1636342260000,9,0.0,17.0
1636342560000,9,0.0,18.0
1636342620000,9,0.0,22.0
1636342740000,9,0.0,26.0
1636342860000,9,0.0,27.0
1636344000000,9,0.0,43.0
1636344060000,9,0.0,25.0
1636344120000,9,76.0,75.0
1636344180000,9,59.0,65.0
1636344240000,9,56.0,73.0
1636344300000,9,53.0,67.0
1636344360000,9,18.0,18.0
1636344420000,9,16.0,0.0
1636344480000,9,7.0,0.0
1636344540000,9,99.0,94.0
1636344900000,9,49.0,67.0
1636344960000,9,0.0,13.0
1636345380000,9,24.0,17.0
1636345440000,9,75.0,74.0
1636345500000,9,28.0,24.0
1636345560000,9,10.0,24.0
1636345620000,9,52.0,37.0
1636345680000,9,81.0,50.0
1636345740000,9,0.0,2.0
1636347060000,9,12.0,0.0
1636347180000,9,0.0,11.0
1636347240000,9,15.0,13.0
1636347300000,9,12.0,0.0
1636347360000,9,34.0,29.0
1636347420000,9,30.0,34.0
1636347900000,9,101.0,95.0
1636347960000,9,115.0,115.0
1636348020000,9,103.0,98.0
1636348080000,9,27.0,35.0
1636348140000,9,0.0,16.0
1636348320000,9,0.0,10.0
1636348380000,9,0.0,29.0
1636352880000,9,0.0,10.0
1636357200000,9,16.0,11.0
1636357260000,9,7.0,0.0
1636357320000,9,3.0,0.0
1636357620000,9,18.0,0.0
1636357800000,9,55.0,45.0
1636357980000,9,7.0,0.0
1636358040000,9,8.0,0.0
1636358220000,9,29.0,31.0
1636358280000,9,74.0,71.0
1636358340000,9,89.0,52.0
1636358400000,9,6.0,11.0
1636358700000,9,64.0,28.0
1636358760000,9,74.0,37.0
1636358820000,9,88.0,81.0
1636358880000,9,107.0,105.0
1636358940000,9,97.0,106.0
1636359000000,9,112.0,107.0
1636359060000,9,104.0,105.0
1636359120000,9,88.0,112.0
1636359180000,9,101.0,96.0
1636359240000,9,17.0,0.0
1636359300000,9,61.0,52.0
1636359360000,9,112.0,111.0
1636359420000,9,91.0,96.0
1636359480000,9,45.0,51.0
1636359540000,9,8.0,0.0
1636359600000,9,16.0,14.0
1636359840000,9,7.0,0.0
1636364640000,9,0.0,12.0
1636364700000,9,23.0,0.0
1636364760000,9,77.0,68.0
1636364820000,9,34.0,18.0
1636364880000,9,28.0,0.0
1636364940000,9,18.0,0.0
1636365000000,9,36.0,47.0
1636365060000,9,111.0,91.0
1636365120000,9,113.0,113.0
1636365180000,9,111.0,113.0
1636365240000,9,111.0,113.0
1636365300000,9,113.0,112.0
1636365360000,9,109.0,109.0
1636365420000,9,81.0,70.0
1636365480000,9,97.0,80.0
1636365540000,9,108.0,87.0
1636365600000,9,67.0,68.0
1636365660000,9,0.0,13.0
1636365720000,9,0.0,11.0
1636365780000,9,0.0,35.0
1636365960000,9,0.0,53.0
1636366080000,9,0.0,11.0
1636368660000,9,43.0,0.0
1636368720000,9,58.0,0.0
1636368780000,9,48.0,0.0
1636369080000,9,58.0,0.0
1636372380000,9,11.0,0.0
1636377240000,9,9.0,0.0
1636382760000,9,30.0,0.0
1636382880000,9,30.0,0.0
1636383600000,9,7.0,0.0
1636384920000,9,42.0,0.0
1636384980000,9,47.0,0.0
1636385280000,9,7.0,0.0
1636387680000,9,11.0,0.0
1636390380000,9,7.0,0.0
1636414500000,9,0.0,32.0
1636415160000,9,0.0,25.0
1636416480000,9,0.0,11.0
1636417080000,9,8.0,0.0
1636417140000,9,16.0,0.0
1636417200000,9,20.0,0.0
1636417260000,9,98.0,100.0
1636417320000,9,94.0,113.0
1636417380000,9,123.0,121.0
1636417440000,9,105.0,110.0
1636417500000,9,111.0,113.0
1636417560000,9,96.0,102.0
1636417620000,9,93.0,94.0
1636417680000,9,21.0,20.0
1636418880000,9,0.0,27.0
1636421520000,9,17.0,0.0
1636424460000,9,44.0,28.0
1636424520000,9,28.0,50.0
1636424580000,9,7.0,10.0
1636424640000,9,31.0,28.0
1636424940000,9,26.0,13.0
1636425000000,9,20.0,33.0
1636425060000,9,38.0,53.0
1636425120000,9,18.0,64.0
1636425180000,9,32.0,65.0
1636425240000,9,113.0,113.0
1636425300000,9,94.0,81.0
1636425360000,9,106.0,105.0
1636425420000,9,117.0,116.0
1636425480000,9,113.0,117.0
1636425540000,9,113.0,116.0
1636425600000,9,77.0,91.0
1636425660000,9,0.0,2.0
1636425720000,9,0.0,22.0
1636425840000,9,7.0,0.0
1636425960000,9,6.0,0.0
1636426020000,9,0.0,22.0
1636426260000,9,9.0,0.0
1636426800000,9,0.0,34.0
1636426860000,9,0.0,53.0
1636427040000,9,0.0,24.0
1636427160000,9,0.0,12.0
1636427460000,9,7.0,0.0
1636430820000,9,0.0,26.0
1636430880000,9,0.0,13.0
1636430940000,9,0.0,13.0
1636435440000,9,0.0,11.0
1636435560000,9,0.0,107.0
1636435620000,9,0.0,63.0
1636435680000,9,0.0,2.0
1636449120000,9,35.0,20.0
1636449180000,9,27.0,15.0
1636449360000,9,30.0,21.0
1636449420000,9,17.0,46.0
1636449480000,9,0.0,11.0
1636454700000,9,50.0,0.0
1636454760000,9,109.0,57.0
1636454820000,9,85.0,103.0
1636454880000,9,14.0,2.0
1636455000000,9,26.0,25.0
1636455060000,9,41.0,38.0
1636456620000,9,0.0,21.0
1636456680000,9,0.0,25.0
1636456740000,9,0.0,7.0
1636456800000,9,0.0,60.0
1636459980000,9,0.0,10.0
1636462620000,9,0.0,24.0
1636462680000,9,0.0,120.0
1636462740000,9,0.0,27.0
1636471740000,9,0.0,41.0
1636499880000,9,19.0,33.0
1636500780000,9,71.0,42.0
1636506480000,9,0.0,59.0
1636506540000,9,0.0,45.0
1636506600000,9,0.0,71.0
1636506840000,9,28.0,0.0
1636507200000,9,14.0,0.0
1636507260000,9,50.0,0.0
1636515420000,9,46.0,0.0
1636515480000,9,8.0,0.0
1636516800000,9,68.0,51.0
1636516860000,9,124.0,126.0
1636516920000,9,129.0,126.0
1636516980000,9,126.0,126.0
1636517040000,9,115.0,116.0
1636517100000,9,97.0,90.0
1636517160000,9,0.0,3.0
1636524600000,9,73.0,83.0
1636524660000,9,50.0,36.0
1636524720000,9,48.0,52.0
1636527360000,9,15.0,0.0
1636527420000,9,43.0,48.0
1636527480000,9,48.0,27.0
1636527540000,9,120.0,121.0
1636527600000,9,84.0,96.0
1636527660000,9,100.0,102.0
1636527720000,9,101.0,103.0
1636527780000,9,114.0,114.0
1636527840000,9,115.0,114.0
1636527900000,9,119.0,119.0
1636527960000,9,124.0,123.0
1636528020000,9,123.0,125.0
1636528080000,9,118.0,117.0
1636528140000,9,39.0,49.0
1636528200000,9,0.0,10.0
1636531980000,9,9.0,0.0
1636532160000,9,36.0,11.0
1636532220000,9,15.0,20.0
1636532280000,9,0.0,10.0
1636532460000,9,35.0,0.0
1636532520000,9,108.0,112.0
1636532580000,9,110.0,109.0
1636532640000,9,107.0,110.0
1636532700000,9,106.0,111.0
1636532760000,9,49.0,42.0
1636532820000,9,102.0,100.0
1636532880000,9,107.0,105.0
1636532940000,9,97.0,98.0
1636533000000,9,102.0,102.0
1636533060000,9,85.0,83.0
1636533120000,9,8.0,17.0
1636533180000,9,0.0,21.0
1636533240000,9,0.0,85.0
1636533300000,9,0.0,19.0
1636535760000,9,0.0,23.0
1636540800000,9,0.0,26.0
1636542000000,9,0.0,11.0
1636542060000,9,0.0,57.0
1636542120000,9,0.0,28.0
1636542420000,9,18.0,18.0
1636542480000,9,0.0,11.0
1636542600000,9,0.0,14.0
1636542660000,9,71.0,77.0
1636542720000,9,106.0,101.0
1636542780000,9,118.0,116.0
1636542840000,9,100.0,114.0
1636542900000,9,111.0,106.0
1636542960000,9,110.0,96.0
1636543020000,9,71.0,52.0
1636543080000,9,9.0,32.0
1636543140000,9,0.0,27.0
1636543200000,9,0.0,10.0
1636543260000,9,0.0,6.0
1636543320000,9,0.0,38.0
1636543440000,9,0.0,53.0
1636546080000,9,0.0,11.0
1636546560000,9,13.0,0.0
1636546680000,9,13.0,0.0
1636546740000,9,9.0,0.0
1636552500000,9,28.0,0.0
1636552620000,9,22.0,0.0
1636552680000,9,10.0,0.0
1636558740000,9,7.0,0.0
1636576020000,9,9.0,0.0
1636576620000,9,7.0,0.0
1636580820000,9,6.0,0.0
1636589880000,9,0.0,12.0
1636589940000,9,0.0,7.0
1636590060000,9,94.0,83.0
1636590120000,9,93.0,99.0
1636590180000,9,129.0,130.0
1636590240000,9,122.0,131.0
1636590300000,9,118.0,118.0
1636590360000,9,93.0,98.0
1636590420000,9,8.0,11.0
1636590480000,9,0.0,10.0
1636590540000,9,20.0,0.0
1636590960000,9,0.0,19.0
1636593120000,9,0.0,18.0
1636593180000,9,0.0,10.0
1636593420000,9,0.0,11.0
1636593540000,9,8.0,10.0
1636593600000,9,33.0,0.0
1636593900000,9,0.0,14.0
1636597260000,9,0.0,12.0
1636599240000,9,0.0,15.0
1636599300000,9,14.0,0.0
1636599840000,9,0.0,10.0
1636600080000,9,16.0,0.0
1636600140000,9,78.0,107.0
1636600200000,9,104.0,115.0
1636600260000,9,106.0,115.0
1636600320000,9,125.0,114.0
1636600380000,9,118.0,113.0
1636600440000,9,64.0,66.0
1636600500000,9,0.0,39.0
1636600560000,9,0.0,33.0
1636600920000,9,0.0,21.0
1636601040000,9,0.0,13.0
1636603020000,9,47.0,44.0
1636603080000,9,117.0,123.0
1636603140000,9,128.0,129.0
1636603200000,9,121.0,128.0
1636603260000,9,132.0,137.0
1636603320000,9,130.0,139.0
1636603380000,9,129.0,129.0
1636603440000,9,28.0,33.0
1636603560000,9,9.0,12.0
1636603680000,9,17.0,0.0
1636607280000,9,15.0,0.0
1636607340000,9,111.0,83.0
1636607400000,9,114.0,117.0
1636607460000,9,104.0,106.0
1636607520000,9,109.0,112.0
1636607580000,9,71.0,70.0
1636607640000,9,79.0,75.0
1636607700000,9,29.0,44.0
1636607760000,9,44.0,39.0
1636607820000,9,96.0,93.0
1636607880000,9,72.0,73.0
1636607940000,9,80.0,85.0
1636608000000,9,80.0,85.0
1636608060000,9,52.0,55.0
1636608120000,9,61.0,60.0
1636608180000,9,25.0,24.0
1636608240000,9,4.0,12.0
1636608300000,9,51.0,44.0
1636608360000,9,113.0,112.0
1636608420000,9,104.0,103.0
1636608480000,9,81.0,78.0
1636608540000,9,92.0,91.0
1636608600000,9,74.0,69.0
1636608660000,9,53.0,47.0
1636608720000,9,20.0,22.0
1636608900000,9,0.0,14.0
1636609080000,9,16.0,0.0
1636609140000,9,13.0,0.0
1636609200000,9,12.0,0.0
1636609260000,9,25.0,0.0
1636609440000,9,25.0,0.0
1636610220000,9,18.0,10.0
1636610280000,9,100.0,68.0
1636610340000,9,22.0,17.0
1636610400000,9,16.0,14.0
1636610460000,9,21.0,23.0
1636610520000,9,96.0,110.0
1636610580000,9,38.0,38.0
1636610640000,9,93.0,98.0
1636610700000,9,56.0,57.0
1636610760000,9,39.0,22.0
1636613340000,9,26.0,0.0
1636613400000,9,106.0,110.0
1636613460000,9,94.0,95.0
1636613520000,9,38.0,38.0
1636613580000,9,102.0,101.0
1636613640000,9,73.0,68.0
1636613700000,9,100.0,112.0
1636613820000,9,42.0,33.0
1636613880000,9,107.0,105.0
1636613940000,9,110.0,113.0
1636614000000,9,119.0,118.0
1636614060000,9,78.0,74.0
1636614120000,9,49.0,47.0
1636614360000,9,0.0,10.0
1636614480000,9,0.0,13.0
1636614540000,9,15.0,0.0
1636614600000,9,8.0,11.0
1636614780000,9,0.0,10.0
1636615200000,9,17.0,0.0
1636615620000,9,43.0,33.0
1636615680000,9,10.0,0.0
1636615740000,9,34.0,27.0
1636616040000,9,94.0,103.0
1636616100000,9,116.0,109.0
1636616160000,9,117.0,119.0
1636616220000,9,81.0,76.0
1636616280000,9,118.0,117.0
1636616340000,9,20.0,20.0
1636616520000,9,11.0,0.0
1636616580000,9,11.0,0.0
1636616640000,9,19.0,0.0
1636616940000,9,82.0,48.0
1636617000000,9,61.0,58.0
1636617060000,9,81.0,82.0
1636617120000,9,121.0,103.0
1636617180000,9,123.0,123.0
1636617240000,9,120.0,119.0
1636617300000,9,121.0,118.0
1636617360000,9,93.0,82.0
1636617420000,9,22.0,0.0
1636617480000,9,29.0,17.0
1636617540000,9,49.0,47.0
1636617600000,9,9.0,26.0
1636617660000,9,0.0,13.0
1636617780000,9,0.0,45.0
1636628700000,9,16.0,0.0
1636628760000,9,7.0,0.0
1636628820000,9,21.0,0.0
1636628880000,9,19.0,0.0
1636629000000,9,15.0,0.0
1636629060000,9,35.0,0.0
1636686660000,9,0.0,47.0
1636686720000,9,16.0,0.0
1636686780000,9,10.0,0.0
1636686840000,9,46.0,60.0
1636686900000,9,68.0,65.0
1636686960000,9,114.0,113.0
1636687020000,9,114.0,114.0
1636687080000,9,112.0,111.0
1636687140000,9,79.0,83.0
1636687200000,9,47.0,39.0
1636687260000,9,112.0,115.0
1636687320000,9,115.0,114.0
1636687380000,9,115.0,114.0
1636687440000,9,107.0,111.0
1636687500000,9,107.0,107.0
1636687560000,9,107.0,106.0
1636687620000,9,108.0,107.0
1636687680000,9,107.0,106.0
1636687740000,9,95.0,96.0
1636687800000,9,93.0,96.0
1636687860000,9,8.0,27.0
1636688160000,9,0.0,17.0
1636690860000,9,46.0,0.0
1636690920000,9,105.0,100.0
1636690980000,9,110.0,107.0
1636691040000,9,111.0,110.0
1636691100000,9,106.0,104.0
1636691160000,9,105.0,104.0
1636691220000,9,108.0,111.0
1636691280000,9,52.0,46.0
1636691340000,9,67.0,69.0
1636691400000,9,109.0,109.0
1636691460000,9,109.0,107.0
1636691520000,9,114.0,114.0
1636691580000,9,106.0,104.0
1636691640000,9,110.0,111.0
1636691700000,9,107.0,107.0
1636691760000,9,107.0,106.0
1636691820000,9,105.0,107.0
1636691880000,9,105.0,103.0
1636691940000,9,110.0,108.0
1636692000000,9,105.0,105.0
1636692060000,9,103.0,101.0
1636692120000,9,102.0,104.0
1636692180000,9,103.0,103.0
1636692240000,9,111.0,110.0
1636692300000,9,109.0,109.0
1636692360000,9,108.0,111.0
1636692420000,9,38.0,37.0
1636692540000,9,13.0,11.0
1636692840000,9,44.0,59.0
1636692900000,9,105.0,106.0
1636692960000,9,51.0,53.0
1636693020000,9,37.0,20.0
1636693080000,9,24.0,0.0
1636693560000,9,69.0,67.0
1636693620000,9,116.0,116.0
1636693680000,9,85.0,76.0
1636693740000,9,83.0,98.0
1636693800000,9,9.0,18.0
1636693920000,9,10.0,11.0
1636694280000,9,0.0,12.0
1636694340000,9,47.0,24.0
1636694400000,9,113.0,118.0
1636694460000,9,116.0,118.0
1636694520000,9,115.0,115.0
1636694580000,9,111.0,110.0
1636694640000,9,107.0,90.0
1636694700000,9,107.0,106.0
1636694760000,9,107.0,106.0
1636694820000,9,96.0,91.0
1636694880000,9,105.0,105.0
1636694940000,9,88.0,85.0
1636695060000,9,8.0,0.0
1636695120000,9,11.0,0.0
1636695180000,9,0.0,10.0
1636695240000,9,0.0,11.0
1636695300000,9,0.0,20.0
1636695420000,9,23.0,16.0
1636695480000,9,10.0,17.0
1636698000000,9,6.0,0.0
1636700640000,9,0.0,11.0
1636713120000,9,0.0,10.0
1636713240000,9,0.0,21.0
1636717020000,9,0.0,29.0
1636717200000,9,0.0,11.0
1636722960000,9,0.0,18.0
1636723380000,9,0.0,16.0
1636723440000,9,0.0,10.0
1636723680000,9,16.0,11.0
1636723740000,9,7.0,13.0
1636723860000,9,0.0,14.0
1636723920000,9,29.0,37.0
1636723980000,9,10.0,11.0
1636725240000,9,15.0,0.0
1636725300000,9,13.0,0.0
1636725360000,9,20.0,27.0
1636726500000,9,12.0,10.0
1636726860000,9,7.0,8.0
1636726920000,9,45.0,22.0
1636726980000,9,9.0,12.0
1636773480000,9,17.0,0.0
1636773540000,9,39.0,0.0
1636778520000,9,0.0,32.0
1636778580000,9,15.0,3.0
1636778640000,9,10.0,0.0
1636778700000,9,7.0,0.0
1636779240000,9,35.0,38.0
1636779600000,9,36.0,23.0
1636779660000,9,20.0,0.0
1636779720000,9,21.0,0.0
1636779780000,9,33.0,48.0
1636779840000,9,33.0,67.0
1636780020000,9,0.0,17.0
1636780140000,9,22.0,0.0
1636780200000,9,54.0,50.0
1636780260000,9,92.0,68.0
1636780320000,9,100.0,43.0
1636780380000,9,92.0,79.0
1636780440000,9,42.0,27.0
1636780500000,9,18.0,31.0
1636780560000,9,0.0,22.0
1636781100000,9,0.0,11.0
1636784340000,9,0.0,25.0
1636784400000,9,0.0,55.0
1636784460000,9,0.0,34.0
1636784520000,9,0.0,49.0
1636784580000,9,0.0,26.0
1636784700000,9,0.0,12.0
1636784820000,9,0.0,52.0
1636784880000,9,0.0,30.0
1636785000000,9,0.0,36.0
1636785060000,9,7.0,38.0
1636785180000,9,42.0,34.0
1636785600000,9,68.0,58.0
1636785660000,9,61.0,48.0
1636785720000,9,114.0,113.0
1636785780000,9,115.0,118.0
1636785840000,9,104.0,109.0
1636785900000,9,39.0,38.0
1636785960000,9,11.0,23.0
1636787820000,9,0.0,18.0
1636788720000,9,0.0,13.0
1636789260000,9,20.0,13.0
1636789320000,9,65.0,56.0
1636789380000,9,116.0,123.0
1636789440000,9,20.0,17.0
1636789560000,9,41.0,22.0
1636789620000,9,112.0,112.0
1636789680000,9,53.0,59.0
1636789740000,9,109.0,102.0
1636789800000,9,0.0,16.0
1636790580000,9,59.0,66.0
1636790820000,9,0.0,10.0
1636791420000,9,72.0,69.0
1636791480000,9,7.0,0.0
1636791600000,9,16.0,10.0
1636792560000,9,51.0,39.0
1636792920000,9,7.0,0.0
1636792980000,9,49.0,13.0
1636793040000,9,0.0,35.0
1636793160000,9,17.0,16.0
1636793220000,9,17.0,26.0
1636793280000,9,15.0,20.0
1636793460000,9,95.0,67.0
1636793520000,9,111.0,110.0
1636793580000,9,110.0,110.0
1636793640000,9,128.0,130.0
1636793700000,9,115.0,115.0
1636793760000,9,111.0,114.0
1636793820000,9,112.0,118.0
1636793880000,9,107.0,105.0
1636793940000,9,109.0,109.0
1636794000000,9,102.0,103.0
1636794060000,9,106.0,109.0
1636794120000,9,93.0,91.0
1636794180000,9,104.0,102.0
1636794240000,9,33.0,31.0
1636796460000,9,0.0,15.0
1636797540000,9,0.0,25.0
1636797660000,9,43.0,48.0
1636797720000,9,87.0,92.0
1636797780000,9,10.0,44.0
1636797840000,9,86.0,85.0
1636797900000,9,93.0,105.0
1636797960000,9,79.0,85.0
1636798020000,9,36.0,37.0
1636798080000,9,87.0,87.0
1636798140000,9,92.0,79.0
1636798200000,9,80.0,81.0
1636798260000,9,79.0,81.0
1636798320000,9,71.0,79.0
1636798380000,9,75.0,86.0
1636798440000,9,83.0,77.0
1636798500000,9,73.0,81.0
1636798560000,9,42.0,38.0
1636798620000,9,94.0,81.0
1636798680000,9,95.0,96.0
1636798740000,9,91.0,93.0
1636798800000,9,99.0,98.0
1636798860000,9,89.0,91.0
1636798920000,9,99.0,98.0
1636798980000,9,95.0,98.0
1636799040000,9,84.0,93.0
1636799220000,9,16.0,0.0
1636799280000,9,16.0,17.0
1636799340000,9,51.0,56.0
1636799400000,9,98.0,100.0
1636799460000,9,90.0,69.0
1636799520000,9,76.0,24.0
1636799580000,9,19.0,10.0
1636799640000,9,33.0,29.0
1636799820000,9,0.0,33.0
1636799880000,9,0.0,13.0
1636799940000,9,0.0,20.0
1636800120000,9,0.0,38.0
1636803660000,9,0.0,23.0
1636803840000,9,0.0,13.0
1636804080000,9,0.0,32.0
1636804200000,9,0.0,10.0
1636804500000,9,0.0,17.0
1636804560000,9,0.0,20.0
1636804620000,9,0.0,19.0
1636804680000,9,0.0,25.0
1636804740000,9,0.0,13.0
1636846500000,9,0.0,13.0
1636846560000,9,0.0,12.0
1636846620000,9,20.0,0.0
1636846680000,9,32.0,38.0
1636846740000,9,0.0,18.0
1636846800000,9,0.0,2.0
1636847220000,9,77.0,68.0
1636847280000,9,110.0,113.0
1636847340000,9,101.0,106.0
1636847400000,9,29.0,31.0
1636847460000,9,31.0,34.0
1636847580000,9,15.0,15.0
1636847700000,9,0.0,15.0
1636847760000,9,45.0,38.0
1636847820000,9,7.0,19.0
1636847880000,9,23.0,17.0
1636847940000,9,55.0,63.0
1636848000000,9,38.0,39.0
1636848060000,9,22.0,41.0
1636857300000,9,54.0,21.0
1636857360000,9,40.0,48.0
1636857540000,9,22.0,0.0
1636857600000,9,7.0,0.0
1636857660000,9,43.0,39.0
1636857720000,9,71.0,72.0
1636858380000,9,46.0,42.0
1636858440000,9,8.0,0.0
1636858500000,9,37.0,30.0
1636859160000,9,71.0,49.0
1636859220000,9,30.0,31.0
1636859280000,9,0.0,34.0
1636859340000,9,19.0,26.0
1636859400000,9,0.0,7.0
1636859460000,9,0.0,14.0
1636859580000,9,0.0,15.0
1636859640000,9,46.0,62.0
1636859700000,9,7.0,0.0
1636859880000,9,12.0,0.0
1636859940000,9,17.0,0.0
1636860000000,9,33.0,22.0
1636860600000,9,47.0,32.0
1636860660000,9,31.0,18.0
1636860720000,9,7.0,0.0
1636860780000,9,7.0,10.0
1636860840000,9,13.0,0.0
1636861020000,9,18.0,23.0
1636861140000,9,15.0,7.0
1636861320000,9,0.0,12.0
1636861380000,9,0.0,1.0
1636862400000,9,17.0,10.0
1636862760000,9,20.0,13.0
1636862820000,9,36.0,34.0
1636862880000,9,15.0,28.0
1636863060000,9,26.0,25.0
1636863120000,9,22.0,30.0
1636863180000,9,11.0,18.0
1636863300000,9,0.0,12.0
1636863360000,9,20.0,6.0
1636863600000,9,22.0,21.0
1636863660000,9,13.0,0.0
1636863720000,9,0.0,47.0
1636863840000,9,30.0,33.0
1636863900000,9,13.0,11.0
1636864440000,9,16.0,15.0
1636864500000,9,7.0,23.0
1636864800000,9,0.0,20.0
1636864860000,9,30.0,19.0
1636864920000,9,25.0,25.0
1636864980000,9,18.0,33.0
1636865040000,9,34.0,20.0
1636865100000,9,32.0,18.0
1636865160000,9,15.0,12.0
1636865220000,9,0.0,16.0
1636865280000,9,15.0,16.0
1636865340000,9,105.0,105.0
1636865400000,9,6.0,6.0
1636865460000,9,9.0,0.0
1636865520000,9,68.0,71.0
1636865580000,9,111.0,101.0
1636865640000,9,104.0,104.0
1636865700000,9,98.0,102.0
1636865760000,9,20.0,40.0
1636865820000,9,10.0,0.0
1636865880000,9,0.0,37.0
1636865940000,9,0.0,12.0
1636867440000,9,0.0,18.0
1636869300000,9,25.0,20.0
1636869360000,9,87.0,75.0
1636869420000,9,91.0,87.0
1636869480000,9,24.0,19.0
1636869540000,9,53.0,45.0
1636869660000,9,8.0,7.0
1636869720000,9,67.0,67.0
1636869780000,9,18.0,23.0
1636869900000,9,31.0,44.0
1636870020000,9,78.0,75.0
1636870080000,9,105.0,102.0
1636870140000,9,103.0,104.0
1636870200000,9,43.0,45.0
1636870260000,9,45.0,42.0
1636870320000,9,0.0,23.0
1636870380000,9,0.0,21.0
1636870980000,9,0.0,10.0
1636872780000,9,0.0,11.0
1636872960000,9,0.0,10.0
1636875420000,9,0.0,15.0
1636875480000,9,0.0,12.0
1636875540000,9,0.0,14.0
1636876260000,9,0.0,41.0
1636876320000,9,0.0,16.0
1636877040000,9,23.0,0.0
1636878900000,9,0.0,18.0
1636878960000,9,0.0,44.0
1636879320000,9,0.0,10.0
1636879560000,9,0.0,19.0
1636879620000,9,0.0,17.0
1636879740000,9,0.0,22.0
1636879800000,9,0.0,16.0
1636879920000,9,0.0,17.0
1636880100000,9,27.0,30.0
1636880160000,9,0.0,23.0
1636880220000,9,0.0,14.0
1636880400000,9,0.0,10.0
1636880460000,9,0.0,15.0
1636880520000,9,0.0,14.0
1636880580000,9,0.0,41.0
1636880640000,9,0.0,18.0
1636880700000,9,0.0,13.0
1636880760000,9,0.0,48.0
1636880820000,9,0.0,33.0
1636880940000,9,21.0,54.0
1636881000000,9,57.0,44.0
1636881060000,9,41.0,34.0
1636881120000,9,45.0,59.0
1636881180000,9,0.0,11.0
1636881300000,9,25.0,13.0
1636881360000,9,0.0,12.0
1636881420000,9,20.0,11.0
1636881480000,9,7.0,16.0
1636881540000,9,16.0,17.0
1636881600000,9,56.0,57.0
1636881660000,9,0.0,10.0
1636884600000,9,0.0,11.0
1636887180000,9,21.0,0.0
1636887240000,9,94.0,63.0
1636887300000,9,47.0,40.0
1636887360000,9,14.0,16.0
1636887780000,9,6.0,0.0
1636887840000,9,40.0,0.0
1636888260000,9,10.0,0.0
1636888320000,9,10.0,0.0
1636888380000,9,8.0,0.0
1636888440000,9,42.0,0.0
1636888500000,9,7.0,0.0
1636930920000,9,23.0,0.0
1636930980000,9,15.0,0.0
1636931460000,9,7.0,0.0
1636933920000,9,51.0,0.0
1636934160000,9,13.0,0.0
1636934340000,9,12.0,0.0
1636934400000,9,54.0,0.0
1636934460000,9,29.0,0.0
1636935480000,9,23.0,0.0
1636935600000,9,14.0,0.0
1636935660000,9,102.0,101.0
1636935720000,9,81.0,92.0
1636935780000,9,117.0,119.0
1636935840000,9,117.0,117.0
1636935900000,9,110.0,117.0
1636935960000,9,91.0,91.0
1636936020000,9,47.0,44.0
1636938420000,9,0.0,24.0
1636949040000,9,49.0,43.0
1636949100000,9,107.0,104.0
1636949160000,9,20.0,26.0
1636949220000,9,53.0,0.0
1636949280000,9,3.0,11.0
1636951140000,9,88.0,87.0
1636951200000,9,37.0,42.0
1636951260000,9,25.0,29.0
1636951320000,9,66.0,50.0
1636951380000,9,6.0,12.0
1636953060000,9,8.0,16.0
1636955460000,9,0.0,10.0
1636959540000,9,0.0,97.0
1636959600000,9,0.0,107.0
1636959660000,9,0.0,6.0
1636959840000,9,0.0,105.0
1636959900000,9,0.0,77.0
1636962240000,9,0.0,16.0
1636962480000,9,36.0,0.0
1636962540000,9,10.0,0.0
1636962600000,9,19.0,14.0
1636962660000,9,50.0,9.0
1636962720000,9,82.0,68.0
1636962780000,9,63.0,56.0
1636962840000,9,11.0,0.0
1636962900000,9,14.0,0.0
1636963080000,9,45.0,11.0
1636963140000,9,63.0,25.0
1636963200000,9,101.0,106.0
1636963260000,9,82.0,82.0
1636963320000,9,79.0,90.0
1636963380000,9,99.0,102.0
1636963440000,9,96.0,97.0
1636963500000,9,21.0,44.0
1636963560000,9,0.0,30.0
1636972020000,9,6.0,0.0
1636972080000,9,7.0,0.0
1636987380000,9,51.0,0.0
1636987440000,9,7.0,0.0
1636987500000,9,53.0,0.0
1636987560000,9,7.0,0.0
1636988340000,9,8.0,0.0
1636988400000,9,29.0,29.0
1636988520000,9,8.0,0.0
1636988580000,9,28.0,14.0
1636988640000,9,7.0,0.0
1636988700000,9,18.0,0.0
1636988760000,9,6.0,0.0
1636990500000,9,6.0,0.0
1636990560000,9,10.0,0.0
1636990620000,9,0.0,11.0
1637022960000,9,0.0,19.0
1637023620000,9,0.0,36.0
1637025300000,9,0.0,33.0
1637025360000,9,0.0,14.0
1637025540000,9,111.0,104.0
1637025600000,9,111.0,117.0
1637025660000,9,112.0,122.0
1637025720000,9,122.0,123.0
1637025780000,9,117.0,118.0
1637025840000,9,93.0,84.0
1637025900000,9,2.0,12.0
1637026800000,9,0.0,19.0
1637028660000,9,0.0,13.0
1637031000000,9,0.0,10.0
1637031420000,9,0.0,11.0
1637031480000,9,0.0,45.0
1637031600000,9,0.0,10.0
1637031720000,9,17.0,14.0
1637031780000,9,54.0,29.0
1637031840000,9,88.0,100.0
1637031900000,9,78.0,64.0
1637031960000,9,59.0,55.0
1637032020000,9,0.0,1.0
1637032260000,9,91.0,89.0
1637032320000,9,124.0,122.0
1637032380000,9,125.0,125.0
1637032440000,9,124.0,120.0
1637032500000,9,125.0,124.0
1637032560000,9,113.0,113.0
1637032620000,9,116.0,115.0
1637032680000,9,39.0,49.0
1637032740000,9,0.0,36.0
1637033040000,9,0.0,10.0
1637034060000,9,0.0,15.0
1637034180000,9,26.0,0.0
1637034420000,9,33.0,24.0
1637034480000,9,77.0,84.0
1637034540000,9,16.0,22.0
1637035020000,9,0.0,17.0
1637035080000,9,0.0,10.0
1637035140000,9,0.0,10.0
1637035320000,9,52.0,49.0
1637035380000,9,112.0,107.0
1637035440000,9,113.0,113.0
1637035500000,9,105.0,107.0
1637035560000,9,109.0,109.0
1637035620000,9,97.0,95.0
1637035680000,9,97.0,102.0
1637035740000,9,107.0,100.0
1637035800000,9,108.0,111.0
1637035860000,9,114.0,114.0
1637035920000,9,65.0,57.0
1637036040000,9,9.0,14.0
1637037180000,9,0.0,10.0
1637046900000,9,0.0,21.0
1637048280000,9,0.0,12.0
1637048400000,9,28.0,0.0
1637048460000,9,104.0,99.0
1637048520000,9,63.0,42.0
1637048580000,9,87.0,107.0
1637048640000,9,104.0,111.0
1637048700000,9,80.0,100.0
1637048760000,9,99.0,107.0
1637048820000,9,69.0,78.0
1637048880000,9,88.0,91.0
1637048940000,9,0.0,12.0
1637049000000,9,0.0,39.0
1637049060000,9,0.0,19.0
1637051880000,9,11.0,0.0
1637057340000,9,7.0,0.0
1637059800000,9,114.0,0.0
1637059860000,9,114.0,0.0
1637059920000,9,9.0,0.0
1637060460000,9,22.0,0.0
1637060520000,9,12.0,0.0
1637061780000,9,25.0,0.0
1637061840000,9,54.0,0.0
1637061900000,9,95.0,0.0
1637061960000,9,37.0,0.0
1637063280000,9,8.0,0.0
1637063820000,9,6.0,0.0
1637067900000,9,27.0,0.0
1637068560000,9,11.0,0.0
1637068620000,9,52.0,0.0
1637070300000,9,13.0,0.0
1637077440000,9,9.0,0.0
1637098320000,9,0.0,86.0
1637098380000,9,0.0,2.0
1637110860000,9,40.0,0.0
1637111700000,9,40.0,0.0
1637113260000,9,0.0,11.0
1637113380000,9,84.0,92.0
1637113440000,9,103.0,100.0
1637113500000,9,117.0,118.0
1637113560000,9,109.0,114.0
1637113740000,9,0.0,10.0
1637113800000,9,20.0,25.0
1637114340000,9,16.0,0.0
1637114940000,9,0.0,12.0
1637115060000,9,0.0,22.0
1637116140000,9,13.0,0.0
1637116320000,9,0.0,12.0
1637116620000,9,32.0,33.0
1637116680000,9,104.0,79.0
1637116740000,9,93.0,107.0
1637116800000,9,111.0,107.0
1637116860000,9,85.0,111.0
1637116920000,9,89.0,100.0
1637116980000,9,121.0,121.0
1637117040000,9,36.0,39.0
1637117100000,9,14.0,0.0
1637117160000,9,16.0,0.0
1637117220000,9,7.0,0.0
1637117340000,9,29.0,39.0
1637117400000,9,66.0,75.0
1637117460000,9,54.0,64.0
1637117520000,9,93.0,96.0
1637117580000,9,103.0,104.0
1637117640000,9,106.0,107.0
1637117700000,9,101.0,100.0
1637117760000,9,105.0,107.0
1637117820000,9,105.0,105.0
1637117880000,9,114.0,113.0
1637117940000,9,73.0,89.0
1637118000000,9,29.0,61.0
1637118060000,9,42.0,37.0
1637118120000,9,47.0,36.0
1637119500000,9,15.0,0.0
1637121240000,9,0.0,10.0
1637121600000,9,0.0,10.0
1637121840000,9,0.0,11.0
1637121900000,9,0.0,11.0
1637122020000,9,118.0,76.0
1637122080000,9,103.0,89.0
1637122140000,9,131.0,129.0
1637122200000,9,134.0,128.0
1637122260000,9,118.0,118.0
1637122320000,9,24.0,45.0
1637122380000,9,0.0,73.0
1637131320000,9,0.0,14.0
1637131380000,9,0.0,12.0
1637131440000,9,33.0,26.0
1637131500000,9,23.0,23.0
1637131620000,9,8.0,0.0
1637131800000,9,28.0,34.0
1637131860000,9,84.0,77.0
1637131920000,9,17.0,8.0
1637131980000,9,9.0,0.0
1637132040000,9,96.0,98.0
1637132100000,9,70.0,98.0
1637132160000,9,67.0,90.0
1637132220000,9,95.0,106.0
1637132280000,9,96.0,93.0
1637132340000,9,22.0,0.0
1637137320000,9,38.0,0.0
1637137500000,9,59.0,0.0
1637137560000,9,11.0,0.0
1637138100000,9,8.0,0.0
1637138160000,9,8.0,0.0
1637148720000,9,22.0,21.0
1637148780000,9,82.0,93.0
1637148840000,9,16.0,0.0
1637148900000,9,27.0,14.0
1637148960000,9,69.0,61.0
1637149020000,9,1.0,25.0
1637149140000,9,0.0,11.0
1637150640000,9,0.0,15.0
1637150700000,9,0.0,36.0
1637157000000,9,0.0,12.0
1637157840000,9,0.0,38.0
1637157900000,9,0.0,39.0
1637158800000,9,17.0,15.0
1637158860000,9,14.0,13.0
1637159160000,9,17.0,0.0
1637159220000,9,55.0,11.0
1637159400000,9,0.0,11.0
1637159460000,9,18.0,11.0
1637159520000,9,83.0,67.0
1637159580000,9,82.0,75.0
1637159640000,9,63.0,64.0
1637159700000,9,59.0,66.0
1637168580000,9,0.0,47.0
1637168640000,9,0.0,15.0
1637168700000,9,0.0,25.0
1637193840000,9,0.0,20.0
1637193900000,9,0.0,20.0
1637193960000,9,0.0,18.0
1637194020000,9,0.0,23.0
1637194200000,9,0.0,15.0
1637195040000,9,0.0,27.0
1637195100000,9,0.0,6.0
1637195460000,9,0.0,15.0
1637195520000,9,0.0,84.0
1637195580000,9,0.0,47.0
1637195640000,9,0.0,11.0
1637196000000,9,0.0,14.0
1637196480000,9,0.0,38.0
1637196540000,9,0.0,36.0
1637196600000,9,0.0,4.0
1637196660000,9,0.0,17.0
1637196720000,9,0.0,10.0
1637196780000,9,35.0,24.0
1637196840000,9,103.0,66.0
1637196900000,9,92.0,69.0
1637196960000,9,126.0,118.0
1637197020000,9,124.0,107.0
1637197080000,9,127.0,135.0
1637197140000,9,125.0,125.0
1637197200000,9,127.0,129.0
1637197260000,9,77.0,71.0
1637197440000,9,28.0,21.0
1637197560000,9,10.0,0.0
1637197800000,9,55.0,0.0
1637200680000,9,0.0,10.0
1637201340000,9,20.0,0.0
1637201400000,9,28.0,14.0
1637201460000,9,87.0,110.0
1637201520000,9,115.0,115.0
1637201580000,9,34.0,36.0
1637201640000,9,20.0,0.0
1637201700000,9,12.0,13.0
1637201880000,9,35.0,0.0
1637201940000,9,1.0,0.0
1637203020000,9,73.0,42.0
1637203080000,9,104.0,111.0
1637203140000,9,55.0,61.0
1637203200000,9,22.0,35.0
1637203260000,9,55.0,44.0
1637203320000,9,86.0,85.0
1637203380000,9,112.0,112.0
1637203440000,9,82.0,78.0
1637203500000,9,114.0,112.0
1637203560000,9,79.0,86.0
1637203620000,9,20.0,0.0
1637204040000,9,14.0,0.0
1637204940000,9,71.0,52.0
1637205000000,9,43.0,43.0
1637205060000,9,84.0,78.0
1637205120000,9,29.0,21.0
1637205420000,9,30.0,26.0
1637205480000,9,13.0,0.0
1637207640000,9,57.0,24.0
1637207700000,9,67.0,50.0
1637207760000,9,108.0,113.0
1637207820000,9,68.0,73.0
1637207940000,9,110.0,98.0
1637208000000,9,23.0,9.0
1637208300000,9,8.0,10.0
1637208360000,9,96.0,83.0
1637208420000,9,45.0,46.0
1637208480000,9,65.0,75.0
1637208540000,9,105.0,109.0
1637208600000,9,121.0,120.0
1637208660000,9,51.0,43.0
1637208720000,9,126.0,113.0
1637208780000,9,47.0,61.0
1637208840000,9,101.0,91.0
1637208900000,9,120.0,119.0
1637208960000,9,120.0,120.0
1637209020000,9,118.0,118.0
1637209080000,9,88.0,83.0
1637209140000,9,50.0,43.0
1637209320000,9,32.0,0.0
1637209380000,9,35.0,52.0
1637209440000,9,0.0,77.0
1637209500000,9,0.0,11.0
1637209560000,9,0.0,26.0
1637209620000,9,0.0,35.0
1637209680000,9,0.0,11.0
1637209740000,9,0.0,22.0
1637209860000,9,0.0,35.0
1637209920000,9,0.0,13.0
1637209980000,9,0.0,23.0
1637210100000,9,19.0,22.0
1637210160000,9,0.0,12.0
1637210220000,9,12.0,19.0
1637210760000,9,11.0,7.0
1637212200000,9,0.0,19.0
1637215560000,9,7.0,0.0
1637217540000,9,0.0,17.0
1637223780000,9,13.0,0.0
1637223840000,9,8.0,10.0
1637225160000,9,0.0,13.0
1637227080000,9,0.0,11.0
1637227980000,9,0.0,12.0
1637228040000,9,0.0,8.0
1637228160000,9,22.0,32.0
1637228400000,9,0.0,18.0
1637230620000,9,0.0,13.0
1637231400000,9,0.0,18.0
1637231460000,9,0.0,14.0
1637231520000,9,0.0,38.0
1637231640000,9,0.0,11.0
1637231700000,9,0.0,17.0
1637231760000,9,0.0,27.0
1637231820000,9,0.0,11.0
1637232900000,9,0.0,18.0
1637233020000,9,0.0,15.0
1637233500000,9,42.0,18.0
1637233560000,9,1.0,2.0
1637244240000,9,0.0,18.0
